-- PNG to MIF · mode: RGB444 (4+4+4 bits)
-- Image: 256 x 144 pixels · 36864 words
WIDTH=12;
DEPTH=36864;
ADDRESS_RADIX=UNS;
DATA_RADIX=HEX;
CONTENT BEGIN
	[0..2680] : 000;
	[2681..2691] : DCB;
	[2692..2929] : 000;
	2930 : CCC;
	[2931..2932] : DCB;
	[2933..2937] : ECB;
	[2938..2947] : D97;
	[2948..2951] : ECB;
	[2952..2953] : DCB;
	[2954..3181] : 000;
	3182 : DCC;
	3183 : EDB;
	[3184..3186] : ECB;
	3187 : DA8;
	[3188..3189] : C85;
	[3190..3191] : C64;
	3192 : B64;
	[3193..3195] : A64;
	[3196..3198] : B64;
	[3199..3204] : C64;
	3205 : B64;
	3206 : C98;
	3207 : B86;
	3208 : C86;
	3209 : C85;
	[3210..3212] : ECB;
	3213 : EDB;
	[3214..3434] : 000;
	3435 : ECB;
	3436 : EDB;
	[3437..3438] : ECB;
	3439 : D98;
	3440 : C74;
	[3441..3450] : C64;
	3451 : A64;
	3452 : C97;
	[3453..3454] : CA9;
	3455 : C97;
	3456 : B64;
	[3457..3461] : C64;
	3462 : C74;
	3463 : B75;
	3464 : A64;
	[3465..3466] : C64;
	3467 : C75;
	[3468..3469] : BBF;
	[3470..3471] : ECB;
	3472 : EDB;
	3473 : EDC;
	[3474..3687] : 000;
	3688 : DCB;
	[3689..3690] : ECB;
	3691 : DBA;
	3692 : C85;
	[3693..3706] : C64;
	3707 : B64;
	3708 : A64;
	3709 : CA8;
	[3710..3712] : DBA;
	3713 : B75;
	3714 : A64;
	3715 : C97;
	3716 : B75;
	3717 : C74;
	[3718..3719] : C64;
	3720 : B64;
	3721 : A64;
	3722 : C74;
	[3723..3725] : C64;
	3726 : BBE;
	3727 : BBF;
	3728 : 012;
	3729 : 888;
	3730 : BA9;
	3731 : ECB;
	3732 : DCB;
	[3733..3941] : 000;
	3942 : DCB;
	[3943..3944] : ECB;
	3945 : D97;
	[3946..3949] : C64;
	3950 : B64;
	[3951..3956] : C64;
	3957 : B64;
	[3958..3959] : A64;
	[3960..3961] : B86;
	3962 : A64;
	3963 : B64;
	3964 : A64;
	3965 : CB9;
	3966 : DBA;
	3967 : C98;
	[3968..3970] : A64;
	3971 : B75;
	[3972..3973] : DBA;
	3974 : CB9;
	3975 : B86;
	[3976..3977] : A64;
	[3978..3979] : DBA;
	3980 : B86;
	3981 : B74;
	3982 : C64;
	3983 : C99;
	3984 : BBF;
	3985 : 558;
	[3986..3987] : 012;
	3988 : 666;
	3989 : ECB;
	3990 : DCB;
	[3991..4195] : 000;
	4196 : EDB;
	4197 : ECB;
	4198 : DCA;
	4199 : B75;
	[4200..4203] : C64;
	4204 : B64;
	[4205..4207] : A64;
	[4208..4211] : B64;
	[4212..4214] : A64;
	4215 : CA8;
	[4216..4218] : DBA;
	[4219..4220] : CA9;
	4221 : DBA;
	4222 : CB9;
	[4223..4224] : C98;
	[4225..4227] : DBA;
	[4228..4229] : DCB;
	[4230..4231] : DBA;
	4232 : DCA;
	4233 : DCB;
	[4234..4237] : DBA;
	4238 : C98;
	4239 : DBA;
	4240 : CBB;
	4241 : BBF;
	4242 : ABE;
	4243 : 457;
	[4244..4245] : 012;
	4246 : 334;
	4247 : ECB;
	4248 : EDB;
	[4249..4449] : 000;
	4450 : EDB;
	[4451..4452] : ECB;
	4453 : C74;
	4454 : B64;
	4455 : A64;
	[4456..4460] : C64;
	4461 : A64;
	[4462..4463] : DBA;
	[4464..4465] : CA9;
	[4466..4468] : A64;
	4469 : CA8;
	[4470..4480] : DBA;
	[4481..4482] : DCB;
	4483 : EDB;
	4484 : ECB;
	[4485..4487] : DBA;
	4488 : DCB;
	[4489..4491] : ECB;
	[4492..4497] : DBA;
	4498 : CBB;
	4499 : BBD;
	4500 : 346;
	[4501..4503] : 012;
	4504 : 112;
	[4505..4506] : ECB;
	[4507..4702] : 000;
	4703 : CCC;
	4704 : EDB;
	4705 : ECB;
	4706 : DBA;
	[4707..4708] : C64;
	4709 : B64;
	4710 : A64;
	[4711..4715] : C64;
	4716 : A64;
	4717 : B75;
	[4718..4729] : DBA;
	[4730..4731] : ECB;
	4732 : DCA;
	[4733..4736] : DBA;
	[4737..4738] : EED;
	[4739..4745] : DBA;
	4746 : ECB;
	4747 : EEC;
	4748 : DCA;
	[4749..4750] : DBA;
	4751 : DCB;
	4752 : ECB;
	[4753..4757] : DBA;
	[4758..4761] : 012;
	4762 : 112;
	4763 : CBA;
	4764 : DCB;
	4765 : FFF;
	[4766..4957] : 000;
	4958 : DCB;
	4959 : ECB;
	4960 : DA8;
	4961 : C74;
	[4962..4963] : C64;
	4964 : B64;
	4965 : A64;
	4966 : B64;
	4967 : C64;
	4968 : A64;
	[4969..4970] : B64;
	[4971..4973] : A64;
	4974 : C98;
	[4975..4981] : DBA;
	4982 : DCA;
	4983 : DCB;
	4984 : DBA;
	4985 : DCA;
	4986 : ECB;
	4987 : DCB;
	4988 : DBA;
	4989 : DCA;
	[4990..4991] : ECB;
	[4992..4994] : EED;
	4995 : EDC;
	4996 : DBA;
	[4997..4998] : ECB;
	4999 : DCB;
	[5000..5001] : DBA;
	5002 : DCA;
	5003 : EED;
	5004 : EDC;
	5005 : DCA;
	[5006..5007] : DBA;
	5008 : DCB;
	[5009..5010] : ECB;
	5011 : DCB;
	[5012..5014] : DBA;
	5015 : 334;
	[5016..5019] : 012;
	5020 : 334;
	5021 : CBA;
	5022 : ECB;
	[5023..5212] : 000;
	[5213..5214] : ECB;
	5215 : CAB;
	[5216..5219] : C64;
	5220 : B64;
	[5221..5226] : A64;
	5227 : C97;
	[5228..5229] : A64;
	[5230..5236] : DBA;
	[5237..5238] : DCA;
	5239 : DCB;
	5240 : ECB;
	5241 : DCA;
	[5242..5243] : DBA;
	5244 : DCA;
	5245 : ECB;
	[5246..5247] : EEC;
	[5248..5252] : EED;
	5253 : EEC;
	[5254..5258] : ECB;
	5259 : EDC;
	5260 : EED;
	5261 : EEC;
	5262 : DCB;
	[5263..5264] : DCA;
	5265 : ECB;
	5266 : EDB;
	[5267..5268] : EEC;
	5269 : DCB;
	5270 : DBA;
	5271 : CBA;
	5272 : 235;
	[5273..5277] : 012;
	5278 : 445;
	5279 : ECB;
	[5280..5466] : 000;
	[5467..5469] : ECB;
	5470 : BBE;
	[5471..5474] : C64;
	5475 : A64;
	5476 : C64;
	5477 : B64;
	5478 : B75;
	5479 : CA9;
	5480 : B87;
	5481 : A64;
	5482 : CB9;
	5483 : B75;
	5484 : A64;
	5485 : DB9;
	[5486..5493] : DBA;
	5494 : DCB;
	5495 : ECB;
	[5496..5499] : DBA;
	5500 : ECB;
	[5501..5502] : EED;
	[5503..5504] : EDC;
	[5505..5512] : EED;
	5513 : ECB;
	[5514..5518] : EED;
	[5519..5521] : ECB;
	5522 : EDC;
	[5523..5525] : EED;
	5526 : ECB;
	5527 : DCA;
	5528 : BBD;
	5529 : 9AE;
	[5530..5535] : 012;
	5536 : ECB;
	5537 : EDC;
	[5538..5721] : 000;
	[5722..5723] : ECB;
	5724 : BBE;
	[5725..5726] : BBF;
	5727 : BBE;
	[5728..5729] : C64;
	5730 : B64;
	5731 : C64;
	5732 : B64;
	5733 : B75;
	5734 : DBA;
	5735 : C98;
	5736 : B75;
	5737 : DBA;
	5738 : CA9;
	5739 : B87;
	5740 : DBA;
	5741 : DCB;
	[5742..5748] : DBA;
	5749 : EDB;
	5750 : DCB;
	[5751..5755] : DBA;
	[5756..5757] : ECB;
	5758 : EDC;
	[5759..5760] : EED;
	5761 : EDB;
	5762 : EED;
	[5763..5764] : EEC;
	[5765..5771] : EED;
	5772 : EEC;
	[5773..5775] : EED;
	5776 : EEC;
	5777 : EDC;
	5778 : EED;
	5779 : EDB;
	[5780..5782] : EED;
	5783 : EDB;
	5784 : DCA;
	5785 : ECB;
	5786 : CDC;
	[5787..5792] : 012;
	5793 : 888;
	5794 : ECB;
	[5795..5975] : 000;
	5976 : DCB;
	5977 : EDB;
	5978 : DCC;
	[5979..5980] : BBF;
	5981 : BAB;
	[5982..5986] : C64;
	5987 : B64;
	5988 : B75;
	5989 : DBA;
	5990 : C98;
	5991 : CA8;
	[5992..5993] : DBA;
	5994 : B87;
	5995 : DBA;
	[5996..5997] : DCB;
	5998 : DBA;
	5999 : DCB;
	6000 : EDC;
	6001 : DCA;
	6002 : DBA;
	6003 : DCA;
	[6004..6005] : EED;
	[6006..6008] : DBA;
	6009 : DCA;
	6010 : ECB;
	[6011..6012] : EDC;
	[6013..6014] : EED;
	6015 : EEC;
	6016 : ECB;
	[6017..6018] : EEC;
	6019 : ECB;
	6020 : EED;
	6021 : EDC;
	[6022..6024] : EED;
	6025 : EEC;
	6026 : EDC;
	[6027..6028] : EED;
	6029 : EDC;
	[6030..6039] : EED;
	6040 : EDC;
	6041 : ECB;
	6042 : EDC;
	6043 : BBA;
	[6044..6049] : 012;
	6050 : 112;
	6051 : ECB;
	6052 : DCC;
	[6053..6230] : 000;
	6231 : DCB;
	6232 : ECB;
	6233 : BBE;
	[6234..6235] : BBF;
	6236 : C75;
	[6237..6242] : C64;
	6243 : B75;
	6244 : DBA;
	6245 : A74;
	6246 : A64;
	6247 : B75;
	6248 : DCA;
	[6249..6250] : DBA;
	6251 : DCB;
	6252 : EED;
	[6253..6254] : DBA;
	[6255..6257] : EED;
	6258 : EEC;
	[6259..6260] : EED;
	6261 : DBA;
	6262 : DCB;
	[6263..6264] : ECB;
	[6265..6266] : EEC;
	6267 : EDC;
	[6268..6269] : EED;
	[6270..6271] : EDC;
	6272 : EEC;
	6273 : EDB;
	6274 : ECB;
	6275 : EDC;
	6276 : EED;
	6277 : EDC;
	[6278..6279] : EEC;
	6280 : EDC;
	6281 : ECB;
	[6282..6286] : EED;
	6287 : EEC;
	[6288..6297] : EED;
	6298 : EEC;
	6299 : EED;
	6300 : BBA;
	[6301..6306] : 012;
	6307 : 113;
	6308 : 888;
	6309 : DCC;
	[6310..6485] : 000;
	6486 : EDB;
	6487 : ECB;
	6488 : BBE;
	6489 : BBF;
	6490 : BBE;
	[6491..6494] : C64;
	[6495..6496] : A64;
	6497 : C64;
	6498 : B64;
	6499 : B86;
	6500 : A74;
	6501 : CA8;
	6502 : A64;
	6503 : DBA;
	6504 : ECB;
	[6505..6506] : DBA;
	6507 : EED;
	6508 : DCB;
	6509 : DBA;
	[6510..6511] : DCB;
	6512 : DBA;
	6513 : DCB;
	[6514..6521] : EED;
	6522 : EDB;
	6523 : EED;
	6524 : EDC;
	6525 : ECB;
	[6526..6528] : EED;
	6529 : EDC;
	6530 : EDB;
	[6531..6543] : EED;
	6544 : EDC;
	[6545..6549] : EED;
	[6550..6552] : B75;
	[6553..6556] : EED;
	6557 : CDC;
	[6558..6564] : 012;
	6565 : BA9;
	6566 : ECB;
	[6567..6740] : 000;
	6741 : ECB;
	6742 : DCB;
	[6743..6745] : BBF;
	6746 : BBE;
	[6747..6748] : A64;
	[6749..6750] : C64;
	6751 : B87;
	6752 : DBA;
	6753 : C64;
	6754 : A64;
	6755 : CB9;
	6756 : DBA;
	6757 : B75;
	6758 : DBA;
	6759 : ECB;
	6760 : DCA;
	6761 : DBA;
	6762 : EDC;
	6763 : EED;
	6764 : DCA;
	[6765..6768] : DBA;
	6769 : EED;
	[6770..6771] : EDC;
	[6772..6777] : EED;
	[6778..6779] : EDC;
	6780 : EEC;
	[6781..6782] : EED;
	6783 : EDC;
	6784 : EED;
	6785 : ECB;
	[6786..6787] : EED;
	6788 : EDB;
	[6789..6798] : EED;
	6799 : EEC;
	6800 : ECB;
	[6801..6805] : EED;
	6806 : B75;
	[6807..6808] : C64;
	6809 : B64;
	[6810..6813] : EED;
	6814 : CDC;
	[6815..6821] : 012;
	6822 : 112;
	6823 : EDB;
	[6824..6995] : 000;
	[6996..6997] : ECB;
	6998 : BBE;
	6999 : A88;
	7000 : A64;
	7001 : BBE;
	[7002..7003] : A64;
	7004 : B86;
	7005 : B64;
	7006 : A74;
	[7007..7008] : DBA;
	7009 : B87;
	7010 : A64;
	7011 : B86;
	[7012..7014] : DBA;
	7015 : DCB;
	7016 : DCA;
	7017 : ECB;
	7018 : EED;
	7019 : EEC;
	[7020..7022] : DBA;
	7023 : DCA;
	[7024..7025] : DCB;
	7026 : EDB;
	[7027..7028] : EDC;
	[7029..7034] : EED;
	[7035..7036] : EEC;
	7037 : EDC;
	7038 : EDB;
	7039 : EED;
	7040 : EDC;
	7041 : EED;
	7042 : ECB;
	7043 : EDC;
	[7044..7054] : EED;
	7055 : EDC;
	[7056..7062] : EED;
	7063 : DDB;
	7064 : C98;
	7065 : A64;
	[7066..7070] : EED;
	7071 : 77A;
	[7072..7078] : 012;
	7079 : 223;
	7080 : EDB;
	[7081..7250] : 000;
	[7251..7252] : ECB;
	7253 : BBF;
	7254 : A88;
	[7255..7256] : A64;
	7257 : A76;
	7258 : C98;
	[7259..7260] : DBA;
	7261 : A64;
	7262 : C98;
	7263 : DBA;
	7264 : B86;
	7265 : DBA;
	7266 : A64;
	7267 : B86;
	[7268..7269] : DBA;
	7270 : EED;
	7271 : EDC;
	7272 : ECB;
	[7273..7274] : EED;
	7275 : DBA;
	7276 : DCA;
	[7277..7278] : DBA;
	7279 : DCA;
	7280 : DBA;
	7281 : EDC;
	[7282..7287] : EED;
	[7288..7289] : ECB;
	[7290..7291] : EDC;
	7292 : ECB;
	7293 : EDB;
	[7294..7295] : EED;
	7296 : EDC;
	7297 : EDB;
	7298 : EEC;
	[7299..7305] : EED;
	7306 : EEC;
	[7307..7308] : C98;
	7309 : EEC;
	[7310..7321] : EED;
	7322 : EEC;
	7323 : C98;
	[7324..7327] : EED;
	7328 : 344;
	[7329..7335] : 012;
	7336 : 223;
	7337 : EDB;
	[7338..7505] : 000;
	[7506..7507] : ECB;
	7508 : BBF;
	7509 : A77;
	[7510..7512] : A64;
	7513 : CA8;
	[7514..7515] : DBA;
	7516 : A74;
	7517 : A64;
	7518 : B75;
	7519 : A64;
	7520 : CB9;
	7521 : DBA;
	7522 : CA8;
	[7523..7524] : DBA;
	[7525..7529] : EED;
	7530 : ECB;
	7531 : DCB;
	[7532..7535] : DBA;
	[7536..7541] : EED;
	7542 : EDC;
	[7543..7545] : EED;
	7546 : EDC;
	[7547..7550] : EED;
	7551 : EDB;
	[7552..7561] : EED;
	7562 : C64;
	7563 : B64;
	7564 : C64;
	7565 : B64;
	[7566..7570] : EED;
	7571 : EDC;
	[7572..7578] : EED;
	7579 : A64;
	7580 : B64;
	7581 : B75;
	[7582..7584] : EED;
	7585 : 223;
	[7586..7592] : 012;
	7593 : 112;
	7594 : ECB;
	[7595..7760] : 000;
	7761 : ECB;
	7762 : EDB;
	7763 : CCF;
	7764 : BBF;
	7765 : A77;
	7766 : BBF;
	7767 : A9A;
	7768 : B75;
	7769 : DBA;
	7770 : CB9;
	[7771..7773] : A64;
	7774 : B75;
	[7775..7776] : DBA;
	7777 : DCB;
	7778 : DBA;
	7779 : EDC;
	7780 : EED;
	7781 : DBA;
	7782 : EED;
	[7783..7784] : ECB;
	7785 : EED;
	7786 : EDB;
	[7787..7788] : DBA;
	7789 : DCB;
	7790 : EDC;
	[7791..7796] : EED;
	7797 : EDB;
	7798 : EED;
	7799 : EEC;
	7800 : EDB;
	[7801..7805] : EED;
	7806 : EDC;
	[7807..7809] : EED;
	7810 : ECB;
	7811 : EDC;
	7812 : EED;
	7813 : EDC;
	7814 : EED;
	7815 : EEC;
	[7816..7817] : EED;
	7818 : EEC;
	7819 : C64;
	7820 : A64;
	7821 : C64;
	[7822..7825] : EED;
	[7826..7828] : EDC;
	7829 : EDB;
	[7830..7841] : EED;
	[7842..7849] : 012;
	7850 : 112;
	7851 : EDB;
	[7852..8015] : 000;
	8016 : EDB;
	8017 : ECB;
	8018 : DDF;
	8019 : BCF;
	[8020..8021] : BBF;
	8022 : BBE;
	8023 : B75;
	[8024..8025] : DBA;
	8026 : B87;
	8027 : B75;
	[8028..8029] : A64;
	[8030..8031] : DBA;
	8032 : DCB;
	8033 : DBA;
	8034 : DCA;
	8035 : EDC;
	8036 : DBA;
	8037 : DCB;
	8038 : ECB;
	8039 : EED;
	8040 : ECB;
	[8041..8042] : EED;
	8043 : EEC;
	[8044..8045] : EDC;
	8046 : EED;
	8047 : ECB;
	[8048..8051] : EED;
	8052 : EDC;
	8053 : EED;
	8054 : EDC;
	8055 : EEC;
	8056 : EED;
	8057 : EDC;
	[8058..8060] : EED;
	8061 : EDB;
	[8062..8063] : EED;
	[8064..8065] : EDC;
	[8066..8068] : EED;
	8069 : EDC;
	[8070..8071] : EED;
	8072 : ECB;
	[8073..8084] : EED;
	8085 : EEC;
	8086 : ECB;
	8087 : EDC;
	8088 : EEC;
	8089 : ECB;
	8090 : EEC;
	[8091..8097] : EED;
	8098 : CDC;
	[8099..8106] : 012;
	8107 : 223;
	8108 : DCB;
	[8109..8270] : 000;
	8271 : DCB;
	8272 : ECB;
	8273 : DDF;
	8274 : BCF;
	[8275..8277] : BBF;
	8278 : A64;
	[8279..8280] : DBA;
	8281 : C97;
	8282 : DBA;
	8283 : C98;
	8284 : A64;
	8285 : CB9;
	[8286..8287] : DBA;
	8288 : EDC;
	8289 : DBA;
	8290 : DCA;
	8291 : DBA;
	8292 : DCA;
	8293 : ECB;
	8294 : EEC;
	8295 : EED;
	8296 : ECB;
	[8297..8298] : EED;
	8299 : EDC;
	8300 : EEC;
	8301 : EDC;
	8302 : ECB;
	[8303..8305] : EED;
	8306 : EEC;
	8307 : EDC;
	8308 : ECB;
	8309 : EDC;
	8310 : EDB;
	8311 : EED;
	8312 : EDC;
	[8313..8315] : EED;
	8316 : EDC;
	8317 : EED;
	8318 : EDC;
	8319 : EED;
	8320 : EDC;
	8321 : EDB;
	8322 : EEC;
	8323 : EED;
	8324 : EEC;
	[8325..8327] : EED;
	8328 : ECB;
	[8329..8333] : EED;
	[8334..8336] : EDC;
	[8337..8338] : EED;
	[8339..8340] : EDC;
	8341 : ECB;
	8342 : EEC;
	8343 : EED;
	[8344..8346] : ECB;
	8347 : EDC;
	[8348..8354] : EED;
	8355 : 566;
	[8356..8363] : 012;
	8364 : 666;
	8365 : DCC;
	[8366..8525] : 000;
	8526 : EDC;
	8527 : ECB;
	8528 : DDE;
	8529 : DDF;
	8530 : CDF;
	[8531..8533] : BBF;
	8534 : AAC;
	8535 : B75;
	8536 : A74;
	8537 : DB9;
	8538 : CB9;
	8539 : CA9;
	[8540..8542] : DBA;
	8543 : ECB;
	8544 : DCB;
	[8545..8546] : DBA;
	8547 : DCA;
	8548 : ECB;
	[8549..8550] : EED;
	8551 : EEC;
	8552 : EED;
	8553 : EDC;
	[8554..8555] : ECB;
	8556 : EEC;
	[8557..8560] : EED;
	8561 : EDC;
	8562 : EDB;
	8563 : EED;
	8564 : ECB;
	[8565..8566] : EED;
	8567 : ECB;
	[8568..8571] : EED;
	8572 : EEC;
	[8573..8578] : EED;
	8579 : EDC;
	[8580..8582] : EED;
	8583 : EDB;
	8584 : EEC;
	[8585..8586] : EED;
	[8587..8588] : EDB;
	8589 : ECB;
	8590 : EDB;
	[8591..8593] : EED;
	8594 : ECB;
	[8595..8598] : EED;
	[8599..8601] : DBA;
	[8602..8604] : ECB;
	[8605..8611] : EED;
	[8612..8620] : 012;
	8621 : BA9;
	[8622..8781] : 000;
	8782 : ECB;
	8783 : DDD;
	[8784..8785] : DDF;
	8786 : BBF;
	8787 : BBE;
	[8788..8791] : A64;
	8792 : C98;
	[8793..8798] : DBA;
	[8799..8800] : EDC;
	[8801..8802] : ECB;
	[8803..8806] : EED;
	8807 : ECB;
	8808 : EDC;
	[8809..8811] : EED;
	8812 : EDC;
	8813 : EDB;
	[8814..8816] : EED;
	8817 : EDB;
	[8818..8821] : EED;
	8822 : EDC;
	[8823..8827] : EED;
	8828 : EDC;
	8829 : ECB;
	8830 : EDB;
	[8831..8832] : EED;
	8833 : EDB;
	8834 : EDC;
	[8835..8837] : EED;
	[8838..8839] : ECB;
	[8840..8845] : EED;
	8846 : EDB;
	8847 : ECB;
	[8848..8853] : EED;
	[8854..8860] : DBA;
	8861 : ECB;
	8862 : EDB;
	8863 : ECB;
	[8864..8868] : EED;
	[8869..8877] : 012;
	8878 : ECB;
	[8879..9036] : 000;
	9037 : EDB;
	9038 : ECC;
	9039 : CDF;
	9040 : CCF;
	9041 : DDF;
	9042 : BBF;
	9043 : BBD;
	9044 : DBA;
	[9045..9046] : A64;
	9047 : C97;
	[9048..9053] : DBA;
	[9054..9055] : DCB;
	[9056..9061] : EED;
	[9062..9063] : EEC;
	9064 : EED;
	9065 : EDB;
	[9066..9067] : EED;
	9068 : ECB;
	[9069..9071] : EED;
	9072 : EDC;
	[9073..9076] : EED;
	9077 : EDC;
	9078 : EEC;
	9079 : EDC;
	9080 : ECB;
	[9081..9083] : EED;
	[9084..9085] : EDC;
	9086 : ECB;
	9087 : EDC;
	[9088..9092] : EED;
	9093 : EDB;
	[9094..9095] : ECB;
	9096 : EDC;
	9097 : EED;
	[9098..9099] : EEC;
	9100 : EDC;
	[9101..9102] : ECB;
	9103 : EEC;
	[9104..9106] : EED;
	9107 : EDC;
	9108 : ECB;
	9109 : DCB;
	[9110..9115] : DBA;
	9116 : DCB;
	[9117..9121] : ECB;
	9122 : EEC;
	9123 : EDC;
	9124 : EEC;
	9125 : 223;
	[9126..9133] : 012;
	9134 : 112;
	9135 : EDB;
	[9136..9291] : 000;
	9292 : DCB;
	9293 : ECB;
	9294 : DDF;
	[9295..9298] : BBF;
	9299 : BBD;
	9300 : B75;
	9301 : A64;
	[9302..9305] : DBA;
	9306 : DCB;
	9307 : DCA;
	[9308..9309] : DBA;
	[9310..9311] : DCA;
	9312 : EEC;
	[9313..9314] : EED;
	9315 : EDC;
	[9316..9317] : EED;
	9318 : EDC;
	9319 : EED;
	9320 : EDC;
	[9321..9322] : EED;
	9323 : ECB;
	[9324..9326] : EED;
	[9327..9328] : EDC;
	[9329..9331] : EED;
	9332 : EEC;
	9333 : EDC;
	9334 : EEC;
	[9335..9340] : EED;
	9341 : EDC;
	9342 : EEC;
	[9343..9346] : EED;
	9347 : EDC;
	[9348..9349] : ECB;
	9350 : DCA;
	[9351..9354] : ECB;
	9355 : DCB;
	9356 : DCA;
	9357 : DBA;
	9358 : DCB;
	9359 : EED;
	9360 : EEC;
	9361 : EDB;
	9362 : DCA;
	9363 : DBA;
	9364 : DCA;
	[9365..9366] : DBA;
	9367 : CA7;
	9368 : C96;
	9369 : C95;
	[9370..9371] : DBA;
	9372 : DCA;
	[9373..9375] : DBA;
	[9376..9381] : ECB;
	[9382..9390] : 012;
	9391 : 334;
	9392 : DCB;
	[9393..9547] : 000;
	9548 : ECB;
	[9549..9553] : BBF;
	9554 : BBE;
	9555 : C98;
	9556 : A64;
	9557 : CA8;
	[9558..9561] : DBA;
	9562 : DCB;
	[9563..9566] : DBA;
	9567 : DCA;
	9568 : EEC;
	9569 : EED;
	9570 : ECB;
	9571 : EDC;
	9572 : EED;
	9573 : EDC;
	9574 : EED;
	[9575..9576] : EEC;
	9577 : EED;
	9578 : ECB;
	9579 : EDC;
	9580 : EED;
	9581 : EDC;
	9582 : EDB;
	9583 : ECB;
	[9584..9586] : EED;
	9587 : EDC;
	[9588..9590] : EED;
	9591 : EDC;
	[9592..9595] : EED;
	9596 : EDC;
	[9597..9600] : EED;
	[9601..9604] : ECB;
	[9605..9612] : DBA;
	9613 : DCB;
	[9614..9616] : ECB;
	[9617..9620] : DBA;
	9621 : C96;
	[9622..9623] : D96;
	9624 : CA7;
	[9625..9626] : DB9;
	9627 : C96;
	[9628..9629] : C95;
	[9630..9636] : DBA;
	9637 : ECB;
	9638 : AA9;
	[9639..9647] : 012;
	9648 : 777;
	[9649..9802] : 000;
	9803 : ECB;
	9804 : DCC;
	9805 : BBF;
	9806 : BCF;
	[9807..9808] : BBF;
	9809 : CBA;
	9810 : BBE;
	[9811..9822] : DBA;
	9823 : EDB;
	9824 : EED;
	9825 : ECB;
	[9826..9827] : EED;
	9828 : EDC;
	9829 : EED;
	9830 : ECB;
	9831 : EED;
	[9832..9833] : EDB;
	9834 : EDC;
	9835 : EED;
	9836 : EDC;
	9837 : EED;
	9838 : ECB;
	9839 : EDB;
	[9840..9842] : EED;
	9843 : EDC;
	[9844..9845] : EED;
	9846 : EDB;
	9847 : EED;
	9848 : ECB;
	9849 : EDC;
	9850 : EED;
	[9851..9852] : EEC;
	[9853..9854] : EED;
	9855 : EEC;
	9856 : ECB;
	9857 : DCB;
	[9858..9865] : DBA;
	9866 : DB9;
	[9867..9868] : DBA;
	9869 : DCB;
	[9870..9875] : DBA;
	9876 : CA7;
	9877 : D96;
	9878 : DA6;
	[9879..9881] : DBA;
	9882 : DB9;
	[9883..9884] : C95;
	[9885..9886] : DB9;
	9887 : C95;
	9888 : D96;
	9889 : C96;
	[9890..9894] : DBA;
	[9895..9904] : 012;
	9905 : DCB;
	[9906..10057] : 000;
	10058 : DCB;
	10059 : ECB;
	[10060..10061] : BBF;
	[10062..10063] : DDF;
	10064 : CBB;
	[10065..10074] : DBA;
	10075 : ECB;
	10076 : DCB;
	10077 : DBA;
	10078 : DCA;
	10079 : EED;
	10080 : EDC;
	10081 : ECB;
	10082 : EED;
	10083 : EEC;
	10084 : EED;
	10085 : EEC;
	10086 : EED;
	10087 : EEC;
	10088 : EDC;
	10089 : ECB;
	10090 : EDC;
	10091 : EED;
	10092 : EDC;
	10093 : EED;
	10094 : ECB;
	[10095..10098] : EED;
	10099 : EDC;
	[10100..10101] : EED;
	10102 : EDC;
	10103 : EEC;
	[10104..10106] : EED;
	10107 : EEC;
	[10108..10109] : EED;
	10110 : EEC;
	10111 : ECB;
	10112 : DCB;
	10113 : DBA;
	10114 : CA8;
	10115 : C96;
	10116 : DB9;
	[10117..10118] : CA8;
	[10119..10120] : DA8;
	10121 : D96;
	10122 : DA8;
	[10123..10125] : DBA;
	10126 : CA8;
	10127 : DBA;
	10128 : DB9;
	10129 : D96;
	10130 : DBA;
	10131 : DB9;
	10132 : C96;
	10133 : D96;
	10134 : C95;
	[10135..10136] : CA8;
	10137 : C96;
	10138 : C95;
	[10139..10140] : C96;
	[10141..10143] : D96;
	10144 : C96;
	[10145..10146] : DBA;
	10147 : DA8;
	10148 : C96;
	10149 : C95;
	10150 : DBA;
	10151 : A98;
	[10152..10161] : 012;
	[10162..10313] : 000;
	10314 : ECB;
	10315 : CCD;
	10316 : BBF;
	10317 : CDF;
	10318 : DDF;
	10319 : CDF;
	10320 : CBC;
	10321 : DBA;
	10322 : DCB;
	[10323..10324] : DBA;
	10325 : DCA;
	10326 : DBA;
	10327 : DCB;
	10328 : DBA;
	10329 : DCA;
	10330 : DCB;
	[10331..10332] : DBA;
	10333 : DCA;
	10334 : EDC;
	10335 : EED;
	10336 : EDC;
	10337 : EEC;
	10338 : EED;
	10339 : EDC;
	10340 : EED;
	10341 : EEC;
	[10342..10343] : EED;
	[10344..10345] : ECB;
	10346 : EED;
	10347 : EDC;
	[10348..10349] : EED;
	10350 : EDB;
	[10351..10354] : EED;
	10355 : EDC;
	[10356..10360] : EED;
	10361 : EDB;
	10362 : EEC;
	10363 : EED;
	[10364..10365] : EDC;
	10366 : DCA;
	[10367..10368] : DBA;
	10369 : C95;
	10370 : C96;
	10371 : DBA;
	10372 : C96;
	10373 : CA8;
	[10374..10375] : D96;
	10376 : DB9;
	10377 : DBA;
	10378 : CA7;
	10379 : DA7;
	[10380..10382] : D96;
	[10383..10384] : C96;
	10385 : D96;
	[10386..10387] : C95;
	10388 : D96;
	10389 : C96;
	[10390..10392] : D96;
	10393 : C95;
	[10394..10399] : D96;
	[10400..10401] : DA7;
	[10402..10403] : D96;
	10404 : C96;
	[10405..10407] : D96;
	10408 : 333;
	[10409..10417] : 012;
	10418 : ECB;
	[10419..10568] : 000;
	10569 : ECB;
	10570 : DCC;
	[10571..10572] : BBF;
	[10573..10574] : DDF;
	10575 : CCF;
	10576 : CBC;
	10577 : DBA;
	10578 : ECB;
	[10579..10580] : DCA;
	[10581..10582] : ECB;
	[10583..10584] : DBA;
	10585 : ECB;
	10586 : DCB;
	10587 : DBA;
	[10588..10589] : DCB;
	10590 : EDC;
	[10591..10592] : EEC;
	10593 : EED;
	10594 : EDC;
	10595 : EED;
	10596 : EDB;
	[10597..10598] : EED;
	10599 : EDB;
	[10600..10601] : ECB;
	10602 : EED;
	10603 : EDC;
	10604 : EED;
	[10605..10606] : EDC;
	[10607..10611] : EED;
	10612 : EEC;
	[10613..10615] : EED;
	10616 : EDB;
	10617 : ECB;
	10618 : EED;
	[10619..10620] : ECB;
	[10621..10622] : DBA;
	10623 : C96;
	10624 : D96;
	10625 : C95;
	[10626..10627] : DBA;
	10628 : DB9;
	10629 : DA6;
	10630 : D96;
	10631 : CA8;
	10632 : C96;
	[10633..10640] : D96;
	10641 : C95;
	[10642..10643] : D96;
	10644 : B85;
	10645 : B74;
	[10646..10647] : D96;
	10648 : C95;
	10649 : D96;
	10650 : A64;
	10651 : B74;
	[10652..10656] : D96;
	10657 : C96;
	10658 : D96;
	10659 : C95;
	[10660..10663] : D96;
	10664 : 543;
	[10665..10674] : 012;
	10675 : EDB;
	[10676..10824] : 000;
	10825 : ECB;
	[10826..10827] : BBF;
	10828 : CCF;
	10829 : DDF;
	10830 : CDF;
	10831 : BBF;
	10832 : CBB;
	10833 : DBA;
	10834 : EDC;
	10835 : ECB;
	10836 : EDB;
	10837 : EED;
	10838 : DCB;
	[10839..10840] : DBA;
	[10841..10843] : DCB;
	10844 : DBA;
	10845 : ECB;
	10846 : EED;
	10847 : EDC;
	10848 : EED;
	10849 : ECB;
	10850 : EED;
	10851 : EEC;
	[10852..10854] : EED;
	10855 : ECB;
	10856 : EEC;
	10857 : EED;
	10858 : EDC;
	[10859..10860] : EED;
	10861 : EDB;
	[10862..10866] : EED;
	10867 : EDB;
	[10868..10870] : EED;
	[10871..10872] : ECB;
	10873 : EED;
	10874 : ECB;
	10875 : DCB;
	[10876..10878] : DBA;
	[10879..10880] : D96;
	10881 : C95;
	10882 : C96;
	10883 : CA8;
	10884 : C95;
	[10885..10889] : D96;
	10890 : C95;
	[10891..10893] : D96;
	10894 : C96;
	[10895..10903] : A64;
	10904 : B85;
	[10905..10906] : C96;
	[10907..10911] : A64;
	[10912..10913] : C96;
	10914 : A64;
	10915 : B75;
	10916 : C85;
	10917 : D96;
	10918 : B74;
	10919 : C96;
	10920 : D96;
	[10921..10930] : 012;
	10931 : 334;
	[10932..11079] : 000;
	11080 : EDB;
	11081 : ECB;
	11082 : BBF;
	11083 : BCF;
	[11084..11085] : DDF;
	11086 : BBF;
	11087 : BBE;
	11088 : DBA;
	11089 : DCA;
	11090 : EDC;
	[11091..11092] : EED;
	11093 : EDB;
	11094 : DCB;
	[11095..11098] : DBA;
	11099 : DCA;
	[11100..11101] : ECB;
	[11102..11103] : EED;
	11104 : EDC;
	11105 : EED;
	11106 : EEC;
	[11107..11109] : EED;
	11110 : ECB;
	11111 : EDC;
	11112 : EED;
	11113 : EEC;
	11114 : EDC;
	[11115..11116] : EED;
	11117 : EDC;
	11118 : EED;
	[11119..11120] : EEC;
	11121 : EED;
	11122 : EDB;
	[11123..11126] : EED;
	11127 : ECB;
	11128 : EEC;
	11129 : EDC;
	11130 : DBA;
	11131 : DB9;
	11132 : CA8;
	11133 : DBA;
	11134 : CA8;
	11135 : CA7;
	[11136..11137] : D96;
	11138 : C96;
	11139 : C95;
	[11140..11144] : D96;
	[11145..11148] : C85;
	11149 : B74;
	11150 : A64;
	11151 : B75;
	11152 : B74;
	[11153..11173] : A64;
	11174 : C85;
	11175 : A64;
	11176 : B85;
	11177 : 533;
	[11178..11187] : 012;
	11188 : DCB;
	[11189..11335] : 000;
	11336 : ECB;
	11337 : BBF;
	11338 : CCF;
	[11339..11341] : DDF;
	11342 : BBF;
	11343 : BBE;
	11344 : CBC;
	11345 : ECB;
	[11346..11347] : EED;
	[11348..11349] : ECB;
	11350 : EDC;
	11351 : DCB;
	[11352..11353] : DBA;
	11354 : DCB;
	11355 : EED;
	11356 : EDC;
	[11357..11358] : EED;
	11359 : EDC;
	11360 : ECB;
	11361 : EDC;
	11362 : EEC;
	[11363..11364] : EED;
	11365 : EDC;
	11366 : EDB;
	11367 : EFD;
	11368 : EED;
	11369 : EDC;
	[11370..11371] : EED;
	11372 : EDC;
	[11373..11374] : EED;
	11375 : ECB;
	11376 : EED;
	11377 : EDC;
	[11378..11379] : EEC;
	[11380..11381] : EED;
	11382 : ECB;
	11383 : EDC;
	11384 : EED;
	11385 : DBA;
	11386 : DB9;
	11387 : C95;
	[11388..11389] : D96;
	11390 : C95;
	[11391..11393] : D96;
	11394 : C95;
	[11395..11398] : D96;
	11399 : B75;
	11400 : A64;
	11401 : B87;
	11402 : CA8;
	11403 : C95;
	11404 : A75;
	11405 : B85;
	[11406..11410] : C95;
	11411 : C85;
	11412 : A64;
	11413 : B85;
	11414 : C95;
	11415 : B85;
	11416 : C85;
	[11417..11418] : A64;
	11419 : C85;
	[11420..11422] : C95;
	11423 : B75;
	11424 : A64;
	11425 : B85;
	[11426..11433] : A64;
	[11434..11443] : 012;
	11444 : 666;
	[11445..11590] : 000;
	11591 : DCB;
	11592 : ECB;
	11593 : CDF;
	[11594..11596] : DDF;
	11597 : CBB;
	11598 : BBF;
	11599 : BBD;
	11600 : DCB;
	11601 : DBA;
	11602 : EED;
	11603 : EDC;
	11604 : EFE;
	11605 : EED;
	11606 : ECB;
	11607 : EED;
	[11608..11609] : ECB;
	[11610..11611] : EED;
	11612 : EDB;
	[11613..11615] : EED;
	11616 : ECB;
	[11617..11619] : EED;
	11620 : EDC;
	11621 : ECB;
	11622 : EED;
	11623 : EFE;
	11624 : EDC;
	11625 : ECB;
	11626 : EED;
	11627 : EEC;
	11628 : EED;
	11629 : EDC;
	11630 : EDB;
	11631 : ECB;
	11632 : EED;
	11633 : ECB;
	11634 : EED;
	11635 : ECB;
	11636 : EED;
	11637 : EDC;
	11638 : ECB;
	11639 : EED;
	11640 : DDB;
	11641 : DBA;
	11642 : C95;
	[11643..11644] : D96;
	11645 : C95;
	[11646..11648] : D96;
	[11649..11650] : B74;
	[11651..11653] : D96;
	11654 : A64;
	11655 : B86;
	11656 : CB9;
	11657 : DBA;
	11658 : CB9;
	11659 : BA9;
	11660 : BA8;
	[11661..11665] : A75;
	[11666..11669] : C95;
	[11670..11672] : A75;
	11673 : C95;
	11674 : C85;
	11675 : A64;
	11676 : B85;
	11677 : C95;
	11678 : C85;
	11679 : A75;
	11680 : C95;
	11681 : C85;
	[11682..11683] : C95;
	11684 : C85;
	[11685..11686] : B74;
	11687 : C85;
	11688 : B75;
	11689 : A64;
	[11690..11700] : 012;
	11701 : DCB;
	[11702..11845] : 000;
	11846 : FFF;
	11847 : ECB;
	11848 : BBE;
	[11849..11851] : DDF;
	11852 : BCF;
	11853 : CBB;
	11854 : CBA;
	[11855..11856] : DBA;
	11857 : DCB;
	11858 : EDC;
	11859 : EED;
	[11860..11861] : FFE;
	11862 : ECB;
	[11863..11866] : EED;
	[11867..11868] : EEC;
	[11869..11870] : EED;
	11871 : EEC;
	11872 : EDC;
	[11873..11874] : EED;
	[11875..11877] : ECB;
	11878 : FFE;
	11879 : EFE;
	[11880..11882] : EED;
	11883 : EDC;
	11884 : EDB;
	11885 : EDC;
	11886 : EEC;
	11887 : EED;
	11888 : EDC;
	11889 : EED;
	11890 : ECB;
	11891 : EDC;
	11892 : DB8;
	[11893..11894] : C95;
	11895 : EED;
	11896 : DB9;
	[11897..11898] : C95;
	[11899..11903] : D96;
	11904 : A64;
	11905 : C96;
	[11906..11907] : A64;
	[11908..11909] : A75;
	11910 : BA9;
	11911 : A75;
	11912 : A64;
	11913 : BA8;
	11914 : DBA;
	11915 : CB9;
	11916 : BA9;
	11917 : A85;
	[11918..11927] : A75;
	11928 : B85;
	11929 : A85;
	[11930..11931] : C95;
	11932 : B85;
	[11933..11934] : A75;
	11935 : B85;
	11936 : A75;
	11937 : C85;
	11938 : C95;
	[11939..11940] : A75;
	11941 : C95;
	11942 : C85;
	11943 : A75;
	[11944..11945] : C95;
	11946 : B85;
	[11947..11956] : 012;
	11957 : 888;
	[11958..12101] : 000;
	12102 : DCB;
	12103 : DDC;
	12104 : BCF;
	[12105..12106] : DDF;
	12107 : CDF;
	[12108..12109] : BBF;
	12110 : DCB;
	12111 : DBA;
	12112 : DCB;
	12113 : EDC;
	[12114..12115] : EED;
	[12116..12117] : FFE;
	12118 : EDB;
	12119 : EFD;
	12120 : EED;
	12121 : DBA;
	[12122..12123] : EEC;
	[12124..12125] : EED;
	12126 : DCB;
	12127 : EDC;
	12128 : ECB;
	12129 : EED;
	12130 : ECB;
	12131 : EDC;
	12132 : ECB;
	12133 : EED;
	[12134..12135] : FFE;
	[12136..12137] : EFD;
	[12138..12139] : EED;
	12140 : EEC;
	12141 : DBA;
	12142 : DDB;
	12143 : EED;
	[12144..12145] : ECB;
	12146 : DCB;
	12147 : C95;
	[12148..12149] : D96;
	12150 : EED;
	12151 : DC9;
	12152 : C95;
	12153 : C85;
	12154 : A64;
	[12155..12157] : D96;
	12158 : C85;
	[12159..12160] : A64;
	[12161..12162] : B86;
	12163 : BA9;
	[12164..12166] : CA9;
	12167 : B86;
	12168 : B98;
	12169 : CB9;
	[12170..12171] : DBA;
	12172 : BA9;
	[12173..12174] : A86;
	[12175..12193] : A75;
	12194 : B85;
	12195 : A85;
	[12196..12198] : A75;
	12199 : B85;
	12200 : A75;
	12201 : B85;
	12202 : A75;
	[12203..12213] : 012;
	12214 : ECB;
	[12215..12357] : 000;
	12358 : ECB;
	[12359..12362] : DDF;
	12363 : CCE;
	12364 : BBD;
	12365 : DCC;
	12366 : ECB;
	12367 : DCB;
	12368 : ECB;
	12369 : EED;
	12370 : EDC;
	12371 : ECB;
	12372 : FFE;
	12373 : EED;
	12374 : EFD;
	12375 : FFE;
	12376 : DCB;
	12377 : EED;
	12378 : EEC;
	12379 : FFE;
	12380 : EED;
	12381 : EDB;
	12382 : BA9;
	[12383..12384] : ECB;
	12385 : DCB;
	12386 : EDB;
	[12387..12388] : EED;
	[12389..12392] : FFE;
	12393 : EFE;
	12394 : EED;
	12395 : EEC;
	[12396..12397] : DBA;
	[12398..12399] : EED;
	[12400..12401] : ECB;
	12402 : C95;
	[12403..12404] : D96;
	[12405..12407] : C95;
	12408 : B74;
	12409 : C85;
	12410 : D96;
	12411 : B75;
	12412 : CA8;
	12413 : EDA;
	12414 : A64;
	12415 : C98;
	12416 : DBA;
	12417 : BA9;
	12418 : CB9;
	[12419..12420] : DBA;
	12421 : CB9;
	12422 : B97;
	12423 : B98;
	[12424..12428] : DBA;
	[12429..12430] : BA9;
	[12431..12432] : A75;
	12433 : A85;
	[12434..12436] : B85;
	[12437..12450] : A75;
	12451 : B85;
	12452 : C85;
	12453 : B85;
	12454 : CA8;
	12455 : DB9;
	12456 : CA8;
	12457 : B85;
	12458 : A75;
	12459 : 754;
	[12460..12469] : 012;
	12470 : 334;
	[12471..12613] : 000;
	12614 : ECB;
	[12615..12617] : DDF;
	12618 : CDF;
	12619 : DCB;
	12620 : BBD;
	12621 : DCB;
	12622 : EED;
	12623 : ECB;
	12624 : EEC;
	12625 : EED;
	12626 : ECB;
	12627 : EED;
	12628 : FFE;
	12629 : ECB;
	12630 : EFD;
	12631 : FFE;
	12632 : DDC;
	12633 : EED;
	12634 : FFE;
	12635 : EFE;
	12636 : EDC;
	12637 : BA9;
	[12638..12640] : ECB;
	12641 : EDB;
	12642 : EED;
	[12643..12647] : FFE;
	12648 : EFE;
	12649 : DCA;
	[12650..12651] : DBA;
	[12652..12653] : C95;
	12654 : EED;
	12655 : EEC;
	12656 : ECB;
	12657 : C95;
	[12658..12662] : D96;
	[12663..12664] : A64;
	[12665..12666] : B74;
	12667 : B86;
	[12668..12669] : CB9;
	[12670..12672] : DBA;
	12673 : CB9;
	[12674..12676] : DBA;
	12677 : CB9;
	[12678..12682] : DBA;
	12683 : CB9;
	[12684..12685] : BA9;
	[12686..12687] : A75;
	12688 : A85;
	[12689..12691] : B85;
	12692 : A75;
	12693 : B85;
	12694 : A75;
	[12695..12696] : A85;
	[12697..12706] : A75;
	12707 : C95;
	[12708..12709] : BA9;
	12710 : C95;
	[12711..12713] : DBA;
	12714 : C95;
	12715 : C85;
	[12716..12725] : 012;
	12726 : 112;
	[12727..12868] : 000;
	12869 : EDB;
	12870 : DDD;
	[12871..12872] : DDF;
	[12873..12874] : BBF;
	12875 : ECB;
	12876 : EDB;
	[12877..12878] : EED;
	12879 : EDB;
	12880 : EED;
	12881 : EDB;
	12882 : EED;
	12883 : EFD;
	12884 : EDC;
	12885 : EED;
	12886 : FFE;
	12887 : EFE;
	12888 : EFD;
	[12889..12890] : FFE;
	12891 : EEC;
	12892 : ECB;
	12893 : EDB;
	12894 : ECB;
	12895 : EDB;
	[12896..12897] : EED;
	[12898..12900] : FFE;
	[12901..12902] : EED;
	12903 : EFE;
	12904 : EED;
	12905 : DBA;
	12906 : DB9;
	12907 : C95;
	12908 : D96;
	[12909..12910] : C95;
	12911 : EED;
	12912 : DA7;
	[12913..12917] : D96;
	[12918..12920] : A64;
	12921 : A75;
	12922 : BA9;
	[12923..12938] : DBA;
	12939 : B97;
	[12940..12943] : A75;
	12944 : A85;
	[12945..12951] : B85;
	12952 : A85;
	[12953..12955] : A75;
	12956 : B98;
	[12957..12958] : BA9;
	12959 : C97;
	12960 : B85;
	12961 : A75;
	[12962..12966] : BA9;
	12967 : C96;
	12968 : CA8;
	12969 : DBA;
	12970 : BA9;
	12971 : C96;
	[12972..12982] : 012;
	12983 : BA9;
	[12984..13124] : 000;
	13125 : ECB;
	[13126..13127] : DDF;
	13128 : CDF;
	13129 : BBF;
	13130 : ECB;
	13131 : EEC;
	13132 : EDC;
	[13133..13134] : EED;
	13135 : EDC;
	[13136..13137] : EED;
	13138 : EDC;
	13139 : EED;
	13140 : EDC;
	[13141..13142] : FFE;
	13143 : EFD;
	[13144..13146] : FFE;
	13147 : EEC;
	13148 : EDC;
	13149 : EED;
	13150 : EDC;
	13151 : EED;
	13152 : EDC;
	[13153..13155] : FFE;
	13156 : EED;
	[13157..13158] : DBA;
	13159 : EED;
	[13160..13161] : DBA;
	13162 : CA7;
	13163 : DBA;
	[13164..13165] : D96;
	13166 : C96;
	13167 : C95;
	[13168..13170] : D96;
	13171 : C96;
	13172 : C85;
	13173 : B74;
	[13174..13175] : B86;
	[13176..13177] : BA9;
	[13178..13180] : CB9;
	[13181..13182] : DBA;
	13183 : CB9;
	[13184..13186] : BA9;
	[13187..13188] : CB9;
	13189 : BA9;
	13190 : DBA;
	13191 : CB9;
	13192 : DBA;
	13193 : CB9;
	13194 : BA9;
	[13195..13196] : A75;
	[13197..13198] : B85;
	13199 : A75;
	[13200..13204] : B85;
	13205 : A75;
	13206 : A85;
	13207 : A75;
	[13208..13210] : B85;
	[13211..13213] : DBA;
	13214 : CB9;
	13215 : C97;
	13216 : B85;
	13217 : BA8;
	13218 : DBA;
	13219 : CB9;
	13220 : BA9;
	13221 : CA8;
	13222 : DBA;
	13223 : CA9;
	13224 : BA9;
	[13225..13226] : DBA;
	13227 : CA9;
	13228 : 445;
	[13229..13238] : 012;
	13239 : 334;
	[13240..13379] : 000;
	13380 : DCB;
	13381 : ECB;
	[13382..13383] : DDF;
	13384 : BCF;
	13385 : CCD;
	13386 : EEC;
	13387 : EFE;
	13388 : EED;
	13389 : EFE;
	13390 : EED;
	13391 : ECB;
	13392 : EDC;
	13393 : EDB;
	13394 : EFD;
	13395 : EFE;
	13396 : EEC;
	13397 : FFE;
	13398 : EED;
	[13399..13400] : EFD;
	[13401..13402] : FFE;
	13403 : EED;
	13404 : EFE;
	13405 : EED;
	13406 : FFE;
	13407 : EFD;
	[13408..13410] : FFE;
	13411 : EEC;
	13412 : DCA;
	13413 : DDC;
	13414 : DDB;
	13415 : DCA;
	13416 : CA8;
	[13417..13418] : C95;
	13419 : DB9;
	[13420..13422] : D96;
	13423 : C95;
	[13424..13426] : D96;
	[13427..13428] : A64;
	13429 : B87;
	13430 : BA9;
	13431 : CB9;
	[13432..13433] : DBA;
	13434 : CB9;
	[13435..13436] : BA9;
	13437 : DBA;
	13438 : CB9;
	[13439..13442] : BA9;
	[13443..13444] : B98;
	13445 : BA9;
	13446 : CB9;
	13447 : BA9;
	13448 : CB9;
	13449 : BA9;
	13450 : A85;
	[13451..13458] : B85;
	13459 : A85;
	13460 : B85;
	[13461..13463] : A75;
	13464 : B85;
	13465 : CA7;
	[13466..13468] : DBA;
	13469 : CA9;
	13470 : DBA;
	[13471..13472] : CB9;
	13473 : DBA;
	13474 : CB9;
	[13475..13476] : BA9;
	13477 : C96;
	[13478..13479] : DBA;
	[13480..13481] : CA9;
	13482 : CA7;
	13483 : DBA;
	13484 : 988;
	[13485..13495] : 012;
	13496 : DCB;
	[13497..13635] : 000;
	13636 : EDB;
	13637 : BBF;
	13638 : DDF;
	13639 : CCF;
	13640 : BBF;
	13641 : ECB;
	[13642..13645] : FFE;
	13646 : EED;
	13647 : EDC;
	13648 : EED;
	13649 : ECB;
	13650 : FFE;
	[13651..13653] : EED;
	13654 : EFD;
	13655 : FFE;
	13656 : EFD;
	[13657..13661] : FFE;
	13662 : EFD;
	[13663..13664] : FFE;
	13665 : EED;
	13666 : EFD;
	[13667..13668] : EED;
	[13669..13670] : DBA;
	13671 : C96;
	13672 : C95;
	13673 : DB9;
	[13674..13675] : C96;
	[13676..13679] : D96;
	13680 : C85;
	13681 : B75;
	13682 : A64;
	13683 : B86;
	13684 : BA9;
	[13685..13689] : DBA;
	13690 : BA9;
	13691 : CA9;
	[13692..13694] : DBA;
	13695 : BA9;
	13696 : A97;
	[13697..13698] : A75;
	13699 : A86;
	[13700..13701] : BA9;
	13702 : A75;
	13703 : A86;
	13704 : A97;
	[13705..13708] : B85;
	[13709..13710] : A75;
	13711 : B85;
	[13712..13714] : A75;
	13715 : A85;
	[13716..13718] : A75;
	13719 : B85;
	13720 : CA8;
	13721 : DBA;
	13722 : DB9;
	13723 : C96;
	13724 : CA7;
	[13725..13726] : BA9;
	13727 : DBA;
	13728 : CA9;
	13729 : BA9;
	13730 : DBA;
	[13731..13732] : CA8;
	13733 : BA9;
	13734 : C95;
	13735 : DBA;
	13736 : CA7;
	13737 : C96;
	13738 : C95;
	13739 : CA7;
	13740 : CB9;
	[13741..13751] : 012;
	13752 : 112;
	[13753..13891] : 000;
	13892 : ECB;
	[13893..13896] : BBF;
	13897 : ECB;
	[13898..13901] : FFE;
	[13902..13903] : EED;
	[13904..13906] : FFE;
	13907 : EED;
	[13908..13909] : EFD;
	[13910..13911] : FFE;
	13912 : CB9;
	13913 : EED;
	[13914..13917] : FFE;
	13918 : EED;
	13919 : EFD;
	[13920..13924] : EED;
	13925 : DBA;
	13926 : C95;
	13927 : C96;
	13928 : D96;
	[13929..13930] : C95;
	[13931..13933] : D96;
	13934 : C96;
	13935 : A64;
	13936 : A75;
	[13937..13938] : B75;
	13939 : CB9;
	[13940..13951] : DBA;
	13952 : A85;
	[13953..13954] : A75;
	13955 : A86;
	13956 : BA9;
	13957 : A75;
	13958 : B85;
	13959 : A75;
	[13960..13961] : B85;
	13962 : A75;
	[13963..13964] : B85;
	13965 : A75;
	[13966..13967] : B85;
	[13968..13973] : A75;
	13974 : A85;
	13975 : C95;
	13976 : CA8;
	13977 : C96;
	13978 : DBA;
	13979 : BA9;
	13980 : DB9;
	[13981..13983] : C95;
	13984 : CA9;
	13985 : C96;
	13986 : C95;
	13987 : C97;
	13988 : C95;
	13989 : BA8;
	13990 : C95;
	13991 : C85;
	[13992..13993] : B85;
	[13994..13996] : C95;
	13997 : 222;
	[13998..14007] : 012;
	14008 : 555;
	[14009..14146] : 000;
	14147 : DCC;
	14148 : ECB;
	[14149..14151] : BBF;
	14152 : CCD;
	14153 : EDC;
	14154 : FFE;
	14155 : EFD;
	14156 : FFE;
	14157 : EFD;
	14158 : ECB;
	14159 : EED;
	[14160..14161] : FFE;
	14162 : EFE;
	14163 : FFE;
	14164 : EFD;
	[14165..14166] : FFE;
	14167 : C64;
	14168 : B86;
	[14169..14171] : FFE;
	14172 : EED;
	14173 : EDC;
	14174 : DBA;
	14175 : DCA;
	[14176..14177] : EED;
	14178 : DDB;
	14179 : DBA;
	14180 : DCA;
	14181 : DA8;
	14182 : C96;
	[14183..14184] : D96;
	14185 : C96;
	[14186..14188] : D96;
	14189 : DA7;
	14190 : CA9;
	[14191..14192] : BA9;
	14193 : DBA;
	14194 : CA9;
	[14195..14196] : DBA;
	14197 : CB9;
	[14198..14202] : DBA;
	14203 : CB9;
	[14204..14205] : BA9;
	[14206..14207] : CB9;
	14208 : BA9;
	14209 : A97;
	[14210..14211] : B85;
	14212 : A85;
	[14213..14215] : B85;
	[14216..14217] : A85;
	14218 : A75;
	14219 : A85;
	14220 : B85;
	14221 : A75;
	14222 : A85;
	[14223..14225] : A75;
	14226 : B85;
	14227 : C95;
	14228 : A85;
	14229 : B85;
	14230 : C95;
	14231 : C96;
	[14232..14234] : DBA;
	14235 : CA8;
	[14236..14245] : C95;
	[14246..14249] : B85;
	[14250..14252] : C95;
	14253 : 222;
	[14254..14264] : 012;
	14265 : CCC;
	[14266..14402] : 000;
	14403 : DCB;
	14404 : CCD;
	14405 : BBF;
	14406 : CCD;
	14407 : BBF;
	14408 : CCD;
	14409 : EED;
	14410 : FFE;
	14411 : ECB;
	14412 : EED;
	14413 : EFD;
	14414 : ECB;
	14415 : EFD;
	14416 : EEC;
	14417 : EDC;
	14418 : EED;
	14419 : FFE;
	14420 : EFD;
	14421 : FFE;
	14422 : EED;
	14423 : A64;
	14424 : EFD;
	[14425..14427] : FFE;
	14428 : DCA;
	14429 : EED;
	[14430..14431] : DBA;
	14432 : EEC;
	[14433..14435] : DBA;
	14436 : DDC;
	14437 : DBA;
	14438 : C96;
	[14439..14442] : D96;
	14443 : CA8;
	[14444..14446] : DBA;
	14447 : CA9;
	14448 : CB9;
	14449 : DBA;
	14450 : BA9;
	14451 : DBA;
	14452 : CA9;
	14453 : B96;
	14454 : A97;
	14455 : CA9;
	14456 : CB9;
	14457 : DBA;
	14458 : B96;
	[14459..14460] : A75;
	14461 : A86;
	[14462..14464] : BA9;
	[14465..14472] : B85;
	[14473..14474] : A75;
	14475 : B85;
	[14476..14480] : A75;
	14481 : B85;
	14482 : B96;
	[14483..14484] : B85;
	[14485..14486] : C95;
	[14487..14488] : DBA;
	14489 : CA7;
	14490 : C95;
	[14491..14498] : B96;
	[14499..14500] : C95;
	14501 : B85;
	14502 : B96;
	14503 : C96;
	[14504..14508] : B85;
	14509 : 764;
	[14510..14520] : 012;
	14521 : 334;
	[14522..14658] : 000;
	14659 : EDB;
	14660 : BBE;
	14661 : BBF;
	14662 : DCC;
	14663 : BBF;
	14664 : DCB;
	14665 : ECB;
	14666 : EFD;
	14667 : ECB;
	14668 : EED;
	14669 : EDC;
	14670 : ECB;
	[14671..14672] : EED;
	14673 : ECB;
	14674 : EFD;
	14675 : FFE;
	14676 : EFE;
	[14677..14682] : FFE;
	14683 : EFE;
	14684 : EED;
	14685 : EFD;
	14686 : DBA;
	14687 : C96;
	14688 : CA8;
	14689 : DBA;
	14690 : C96;
	14691 : C95;
	[14692..14693] : C96;
	[14694..14697] : D96;
	14698 : CA9;
	[14699..14701] : DBA;
	[14702..14703] : BA9;
	[14704..14706] : DBA;
	14707 : CB9;
	[14708..14709] : A75;
	14710 : A85;
	14711 : BA9;
	14712 : CB9;
	14713 : CA9;
	14714 : A75;
	14715 : C95;
	14716 : B97;
	14717 : BA9;
	[14718..14719] : C96;
	[14720..14724] : B85;
	[14725..14726] : A75;
	14727 : B85;
	[14728..14736] : A75;
	14737 : A85;
	[14738..14739] : B96;
	[14740..14742] : C95;
	14743 : C96;
	[14744..14751] : B96;
	[14752..14754] : C95;
	[14755..14758] : B96;
	[14759..14765] : B85;
	[14766..14776] : 012;
	14777 : AA9;
	[14778..14914] : 000;
	14915 : ECB;
	14916 : BBF;
	[14917..14918] : DCC;
	14919 : BBF;
	14920 : ECB;
	[14921..14924] : EED;
	14925 : EDB;
	14926 : ECB;
	14927 : EDC;
	14928 : EED;
	14929 : ECB;
	14930 : EFD;
	[14931..14940] : FFE;
	14941 : EED;
	14942 : DBA;
	14943 : C95;
	14944 : CA8;
	14945 : C96;
	14946 : D96;
	[14947..14948] : C95;
	[14949..14952] : D96;
	[14953..14955] : BA9;
	[14956..14961] : DBA;
	14962 : CB9;
	[14963..14964] : BA9;
	14965 : A85;
	[14966..14969] : C95;
	[14970..14971] : C85;
	[14972..14975] : C95;
	[14976..14979] : B85;
	14980 : A85;
	[14981..14985] : A75;
	14986 : C95;
	[14987..14988] : A75;
	14989 : B96;
	[14990..14991] : C95;
	14992 : A85;
	[14993..14995] : B96;
	[14996..14997] : C95;
	[14998..15000] : B96;
	15001 : A96;
	[15002..15004] : 997;
	[15005..15011] : B96;
	15012 : A96;
	[15013..15014] : 997;
	[15015..15017] : B96;
	[15018..15019] : B85;
	15020 : B86;
	15021 : B85;
	[15022..15033] : 012;
	[15034..15169] : 000;
	15170 : CCC;
	15171 : ECB;
	15172 : BBF;
	15173 : EED;
	15174 : ECB;
	15175 : CCD;
	15176 : EDC;
	[15177..15180] : EED;
	15181 : ECB;
	15182 : EDC;
	15183 : EED;
	15184 : ECB;
	15185 : EED;
	[15186..15192] : FFE;
	[15193..15194] : EFE;
	15195 : EED;
	15196 : EFD;
	15197 : DBA;
	15198 : DB9;
	15199 : C95;
	15200 : C96;
	[15201..15202] : D96;
	[15203..15204] : C95;
	[15205..15206] : D96;
	15207 : DA6;
	15208 : BA9;
	15209 : CA9;
	[15210..15211] : CB9;
	15212 : DBA;
	15213 : C98;
	15214 : A64;
	15215 : B97;
	15216 : C98;
	[15217..15219] : DBA;
	15220 : CA9;
	15221 : CA8;
	15222 : C95;
	15223 : C85;
	15224 : B74;
	15225 : A64;
	15226 : B75;
	[15227..15228] : C85;
	15229 : B85;
	[15230..15231] : C95;
	[15232..15233] : B85;
	15234 : A85;
	15235 : A75;
	15236 : A85;
	[15237..15238] : A75;
	15239 : B85;
	15240 : C96;
	15241 : B96;
	[15242..15243] : A86;
	[15244..15253] : B96;
	15254 : A97;
	[15255..15259] : 997;
	[15260..15262] : B96;
	[15263..15265] : 997;
	15266 : A97;
	[15267..15269] : 997;
	15270 : B96;
	15271 : B75;
	[15272..15276] : A64;
	15277 : B85;
	[15278..15289] : 012;
	[15290..15425] : 000;
	15426 : DCB;
	15427 : CCD;
	15428 : CCE;
	15429 : EED;
	[15430..15431] : ECB;
	[15432..15434] : EED;
	15435 : EDC;
	15436 : EED;
	15437 : ECB;
	15438 : EED;
	15439 : ECB;
	15440 : EEC;
	[15441..15442] : EFE;
	[15443..15444] : FFE;
	15445 : EFD;
	[15446..15447] : FFE;
	15448 : EFD;
	15449 : EED;
	15450 : DBA;
	15451 : DCA;
	15452 : DCB;
	15453 : DBA;
	15454 : CA7;
	[15455..15461] : D96;
	15462 : CA8;
	15463 : BA9;
	15464 : CB9;
	[15465..15467] : DBA;
	15468 : CA8;
	15469 : A64;
	15470 : A75;
	15471 : B75;
	15472 : B97;
	15473 : B86;
	15474 : BA9;
	15475 : CA9;
	15476 : CA8;
	15477 : C95;
	15478 : A64;
	[15479..15480] : C85;
	[15481..15482] : B75;
	15483 : A64;
	15484 : B75;
	[15485..15486] : C95;
	[15487..15488] : B85;
	[15489..15490] : A75;
	15491 : C85;
	[15492..15494] : C95;
	[15495..15508] : B96;
	[15509..15510] : 997;
	15511 : A97;
	[15512..15524] : 997;
	15525 : B96;
	[15526..15527] : A64;
	15528 : A53;
	[15529..15533] : A64;
	[15534..15545] : 012;
	[15546..15681] : 000;
	15682 : DCB;
	15683 : CCD;
	[15684..15685] : EED;
	15686 : ECB;
	15687 : EED;
	15688 : EDC;
	15689 : EED;
	15690 : EDB;
	15691 : EDC;
	15692 : EED;
	[15693..15694] : ECB;
	15695 : EDC;
	15696 : EED;
	[15697..15699] : FFE;
	15700 : EFD;
	15701 : EED;
	15702 : EFD;
	15703 : FFE;
	15704 : EED;
	[15705..15708] : DBA;
	15709 : C96;
	[15710..15716] : D96;
	15717 : B75;
	15718 : BA9;
	15719 : CB9;
	[15720..15722] : DBA;
	15723 : CA8;
	15724 : C95;
	[15725..15729] : A64;
	15730 : A75;
	[15731..15737] : A64;
	15738 : C85;
	[15739..15740] : C95;
	[15741..15742] : BA8;
	15743 : BA9;
	15744 : C97;
	[15745..15746] : C95;
	15747 : C96;
	[15748..15749] : C95;
	15750 : B96;
	15751 : C95;
	[15752..15763] : B96;
	15764 : A97;
	[15765..15767] : B96;
	15768 : 997;
	[15769..15770] : B96;
	15771 : A97;
	[15772..15775] : 997;
	15776 : A97;
	15777 : A96;
	[15778..15780] : 997;
	15781 : B96;
	[15782..15783] : A54;
	15784 : A64;
	15785 : A54;
	[15786..15787] : A53;
	[15788..15789] : A64;
	[15790..15801] : 012;
	[15802..15937] : 000;
	15938 : ECB;
	15939 : CCD;
	[15940..15943] : EED;
	15944 : EEC;
	15945 : EED;
	15946 : ECB;
	15947 : EFD;
	15948 : EED;
	[15949..15950] : ECB;
	15951 : EDC;
	15952 : EED;
	[15953..15954] : FFE;
	15955 : EFE;
	[15956..15960] : EED;
	15961 : DCA;
	15962 : EED;
	15963 : ECB;
	15964 : DA7;
	15965 : C96;
	15966 : C95;
	[15967..15971] : D96;
	15972 : B85;
	15973 : BA9;
	15974 : DBA;
	15975 : BA9;
	[15976..15978] : DBA;
	15979 : BA9;
	[15980..15981] : C95;
	15982 : A64;
	15983 : B74;
	[15984..15985] : A64;
	15986 : B74;
	15987 : C95;
	[15988..15990] : A64;
	15991 : B86;
	15992 : BA9;
	15993 : BA8;
	[15994..15995] : C95;
	15996 : BA9;
	[15997..15998] : CB9;
	[15999..16000] : C95;
	[16001..16003] : B96;
	[16004..16005] : C95;
	16006 : C96;
	[16007..16025] : B96;
	[16026..16028] : A96;
	[16029..16034] : B96;
	[16035..16037] : 997;
	16038 : A96;
	16039 : A53;
	16040 : A64;
	[16041..16043] : A54;
	[16044..16045] : A64;
	[16046..16057] : 012;
	16058 : BA9;
	[16059..16193] : 000;
	16194 : ECB;
	16195 : CCE;
	16196 : EDC;
	16197 : DCD;
	[16198..16199] : EDC;
	16200 : EFD;
	16201 : EED;
	16202 : EDB;
	16203 : FFE;
	16204 : EFD;
	16205 : EDC;
	16206 : ECB;
	16207 : EEC;
	16208 : EDC;
	[16209..16212] : FFE;
	16213 : EED;
	16214 : ECB;
	[16215..16217] : EED;
	16218 : ECB;
	16219 : DB9;
	16220 : DCA;
	16221 : ECB;
	[16222..16226] : D96;
	16227 : A75;
	16228 : CB9;
	[16229..16230] : DBA;
	16231 : CA9;
	16232 : CB9;
	16233 : DBA;
	16234 : CB9;
	16235 : BA9;
	16236 : C96;
	[16237..16238] : B75;
	16239 : C95;
	16240 : C85;
	16241 : C95;
	16242 : B85;
	[16243..16244] : A64;
	16245 : B86;
	16246 : CA9;
	16247 : BA8;
	[16248..16249] : C97;
	16250 : CA9;
	[16251..16252] : CB9;
	16253 : CA8;
	[16254..16255] : C95;
	[16256..16277] : B96;
	16278 : A97;
	[16279..16283] : 997;
	16284 : A97;
	[16285..16294] : B96;
	16295 : B86;
	16296 : A53;
	16297 : A64;
	[16298..16300] : A53;
	16301 : A64;
	16302 : 964;
	[16303..16314] : 012;
	[16315..16449] : 000;
	16450 : ECB;
	16451 : CCE;
	16452 : CCD;
	16453 : BBF;
	16454 : ECB;
	16455 : EDC;
	16456 : FFE;
	16457 : EFD;
	16458 : EED;
	16459 : FFE;
	16460 : EFD;
	16461 : EDC;
	[16462..16463] : ECB;
	16464 : EFD;
	16465 : FFE;
	[16466..16467] : EED;
	16468 : FFE;
	16469 : EFD;
	16470 : ECB;
	16471 : EED;
	16472 : EDC;
	[16473..16476] : ECB;
	16477 : C96;
	16478 : C95;
	[16479..16481] : D96;
	16482 : A64;
	16483 : B98;
	16484 : CB9;
	16485 : DBA;
	16486 : CA9;
	16487 : CB9;
	16488 : DBA;
	16489 : CB9;
	[16490..16491] : BA9;
	16492 : BA8;
	[16493..16498] : A64;
	16499 : B97;
	16500 : BA8;
	[16501..16502] : CB9;
	16503 : BA9;
	[16504..16505] : DBA;
	16506 : CA9;
	16507 : BA8;
	16508 : C96;
	[16509..16511] : C95;
	[16512..16513] : C96;
	[16514..16533] : B96;
	[16534..16537] : 997;
	16538 : A97;
	[16539..16544] : B96;
	16545 : A97;
	[16546..16550] : 997;
	16551 : B96;
	16552 : B86;
	16553 : A54;
	[16554..16557] : A53;
	16558 : 986;
	[16559..16570] : 012;
	[16571..16705] : 000;
	16706 : ECB;
	[16707..16709] : BBF;
	16710 : ECB;
	16711 : EED;
	[16712..16715] : FFE;
	16716 : EFD;
	16717 : EDC;
	16718 : ECB;
	16719 : EED;
	16720 : FFE;
	16721 : EFD;
	16722 : ECB;
	16723 : EDC;
	16724 : FFE;
	16725 : EFD;
	16726 : ECB;
	16727 : EDB;
	[16728..16729] : ECB;
	[16730..16732] : C96;
	16733 : C95;
	[16734..16735] : D96;
	16736 : B85;
	16737 : A64;
	16738 : BA8;
	16739 : CA9;
	[16740..16744] : DBA;
	16745 : CB9;
	[16746..16747] : DBA;
	[16748..16749] : CB9;
	16750 : CA9;
	16751 : BA8;
	16752 : BA9;
	[16753..16754] : A75;
	16755 : BA9;
	16756 : CB9;
	[16757..16758] : DBA;
	[16759..16760] : CB9;
	16761 : CA9;
	16762 : BA9;
	16763 : BA8;
	16764 : C96;
	[16765..16768] : C95;
	[16769..16781] : B96;
	[16782..16784] : 997;
	16785 : A97;
	[16786..16789] : B96;
	[16790..16792] : 997;
	16793 : A96;
	[16794..16798] : B96;
	[16799..16806] : 997;
	[16807..16813] : B96;
	16814 : 986;
	[16815..16826] : 012;
	[16827..16961] : 000;
	16962 : DCB;
	[16963..16965] : BBF;
	16966 : ECB;
	16967 : EDC;
	[16968..16971] : FFE;
	16972 : EFD;
	16973 : EDB;
	16974 : EDC;
	[16975..16977] : EED;
	16978 : ECB;
	16979 : EDC;
	16980 : FFE;
	16981 : EFD;
	16982 : ECB;
	16983 : DCB;
	16984 : C95;
	[16985..16986] : C96;
	[16987..16988] : C95;
	[16989..16990] : D96;
	16991 : C85;
	16992 : A64;
	16993 : BA8;
	16994 : BA9;
	[16995..16997] : DBA;
	16998 : BA9;
	[16999..17000] : CB9;
	[17001..17002] : BA9;
	17003 : CA9;
	[17004..17009] : DBA;
	[17010..17012] : CB9;
	[17013..17015] : DBA;
	17016 : BA9;
	17017 : DBA;
	17018 : BA9;
	[17019..17023] : C95;
	[17024..17034] : B96;
	17035 : A97;
	[17036..17038] : 997;
	17039 : A97;
	[17040..17041] : B96;
	17042 : A97;
	17043 : 997;
	17044 : A96;
	[17045..17052] : 997;
	[17053..17054] : 998;
	[17055..17056] : 997;
	[17057..17058] : B96;
	17059 : A97;
	[17060..17061] : 997;
	[17062..17063] : B96;
	[17064..17067] : A96;
	17068 : A97;
	17069 : 997;
	17070 : 887;
	[17071..17081] : 012;
	17082 : 112;
	[17083..17217] : 000;
	17218 : DCC;
	17219 : CCF;
	17220 : BCF;
	17221 : DCC;
	[17222..17223] : ECB;
	[17224..17227] : FFE;
	17228 : EED;
	17229 : ECB;
	[17230..17233] : EED;
	17234 : ECB;
	17235 : EFE;
	17236 : FFE;
	17237 : EDB;
	17238 : DCB;
	17239 : C95;
	17240 : DB9;
	17241 : ECB;
	17242 : DB9;
	17243 : D96;
	17244 : C96;
	17245 : A64;
	17246 : B85;
	17247 : A64;
	17248 : B97;
	[17249..17250] : CB9;
	[17251..17252] : DBA;
	17253 : BA9;
	17254 : B97;
	[17255..17257] : A64;
	[17258..17260] : B97;
	17261 : C98;
	[17262..17263] : CB9;
	[17264..17265] : DBA;
	17266 : CB9;
	[17267..17268] : DBA;
	17269 : BA9;
	17270 : DBA;
	17271 : CB9;
	[17272..17273] : BA9;
	17274 : C97;
	17275 : C95;
	17276 : B85;
	[17277..17279] : C95;
	17280 : C96;
	[17281..17286] : B96;
	[17287..17288] : A97;
	17289 : 997;
	17290 : A97;
	[17291..17293] : 997;
	17294 : A97;
	[17295..17296] : B96;
	[17297..17298] : 997;
	17299 : A97;
	[17300..17306] : 997;
	17307 : 8A9;
	17308 : 8AA;
	17309 : 8A9;
	17310 : 8AA;
	17311 : 8A8;
	17312 : 997;
	[17313..17314] : A97;
	17315 : 997;
	[17316..17317] : A97;
	[17318..17323] : 997;
	17324 : A97;
	17325 : B96;
	17326 : 986;
	[17327..17338] : 012;
	[17339..17473] : 000;
	17474 : DCC;
	17475 : DDF;
	17476 : BBF;
	[17477..17478] : ECB;
	17479 : EDC;
	[17480..17481] : FFE;
	17482 : EFD;
	17483 : EED;
	17484 : EDC;
	17485 : ECB;
	17486 : EED;
	17487 : EDC;
	[17488..17489] : EED;
	17490 : EDB;
	17491 : EFE;
	17492 : EDC;
	17493 : EEC;
	17494 : DCB;
	17495 : DB9;
	17496 : ECB;
	17497 : DA8;
	17498 : D96;
	17499 : C96;
	17500 : B74;
	17501 : A64;
	17502 : C96;
	17503 : A64;
	17504 : CA9;
	[17505..17506] : DBA;
	17507 : CB9;
	17508 : B86;
	[17509..17511] : A64;
	17512 : B64;
	[17513..17514] : C64;
	[17515..17516] : B64;
	[17517..17518] : A64;
	17519 : A75;
	[17520..17523] : DBA;
	17524 : BA9;
	17525 : C97;
	17526 : CB9;
	17527 : BA8;
	17528 : BA9;
	17529 : C97;
	17530 : B85;
	17531 : A75;
	[17532..17534] : C95;
	[17535..17541] : B96;
	[17542..17552] : 997;
	17553 : A97;
	17554 : B96;
	[17555..17561] : 997;
	17562 : 8A9;
	17563 : 8AA;
	[17564..17565] : 8A9;
	17566 : 8A8;
	17567 : 8A9;
	17568 : 8A8;
	17569 : 997;
	17570 : B96;
	17571 : A97;
	[17572..17578] : 997;
	17579 : A97;
	[17580..17581] : B96;
	17582 : 986;
	[17583..17594] : 012;
	[17595..17729] : 000;
	17730 : DDC;
	17731 : CCF;
	17732 : BBF;
	17733 : EDB;
	17734 : ECB;
	[17735..17736] : FFE;
	17737 : EFD;
	17738 : EED;
	17739 : EDC;
	17740 : EED;
	17741 : ECB;
	17742 : EDB;
	17743 : ECB;
	[17744..17745] : EED;
	17746 : EDC;
	17747 : EDB;
	17748 : ECB;
	17749 : EDC;
	17750 : C96;
	17751 : ECB;
	17752 : DA8;
	[17753..17754] : D96;
	[17755..17756] : A64;
	17757 : D96;
	17758 : B74;
	17759 : B86;
	[17760..17761] : DBA;
	17762 : BA8;
	17763 : A75;
	[17764..17765] : C64;
	17766 : B64;
	[17767..17769] : C64;
	[17770..17772] : B64;
	17773 : A64;
	[17774..17775] : BA9;
	17776 : CB9;
	[17777..17779] : DBA;
	17780 : BA9;
	17781 : BA8;
	17782 : BA9;
	17783 : C96;
	17784 : C97;
	17785 : A85;
	17786 : A75;
	17787 : C95;
	[17788..17796] : B96;
	[17797..17800] : 997;
	[17801..17802] : B96;
	[17803..17804] : A96;
	[17805..17816] : 997;
	17817 : 8A9;
	17818 : 8AA;
	17819 : 8A9;
	17820 : 997;
	17821 : 8A9;
	[17822..17824] : 8AA;
	17825 : 998;
	[17826..17827] : 997;
	[17828..17829] : 8A9;
	[17830..17832] : 997;
	[17833..17834] : B96;
	17835 : A97;
	[17836..17837] : 997;
	17838 : 986;
	[17839..17850] : 012;
	[17851..17985] : 000;
	17986 : DDC;
	17987 : CCF;
	17988 : DDE;
	17989 : EED;
	17990 : ECB;
	17991 : EED;
	17992 : FFE;
	17993 : EED;
	17994 : EDC;
	[17995..17996] : EED;
	[17997..17998] : ECB;
	17999 : EDB;
	18000 : EED;
	[18001..18002] : ECB;
	18003 : EDC;
	18004 : EED;
	[18005..18006] : ECB;
	18007 : DCB;
	18008 : DA7;
	18009 : D96;
	[18010..18011] : BA9;
	18012 : B86;
	18013 : A64;
	18014 : A75;
	18015 : DBA;
	18016 : CB9;
	18017 : B75;
	18018 : B64;
	[18019..18020] : C64;
	18021 : A64;
	[18022..18029] : C64;
	18030 : A64;
	18031 : B86;
	18032 : CB9;
	[18033..18034] : DBA;
	18035 : CB9;
	[18036..18038] : C95;
	18039 : A75;
	18040 : B85;
	18041 : A75;
	[18042..18047] : C95;
	[18048..18049] : B96;
	18050 : A97;
	[18051..18057] : 997;
	[18058..18059] : B96;
	18060 : 997;
	18061 : B96;
	[18062..18071] : 997;
	18072 : 8A9;
	[18073..18074] : 8AA;
	[18075..18076] : 997;
	18077 : 8A9;
	18078 : 8AA;
	[18079..18080] : 8A9;
	18081 : 997;
	18082 : 8A9;
	[18083..18084] : 8AA;
	18085 : 8A9;
	[18086..18089] : 997;
	[18090..18091] : A96;
	18092 : 997;
	18093 : B96;
	18094 : 887;
	[18095..18106] : 012;
	[18107..18241] : 000;
	18242 : DCC;
	18243 : BBF;
	[18244..18246] : EED;
	18247 : EDC;
	18248 : EED;
	18249 : ECB;
	[18250..18252] : EED;
	18253 : EDC;
	18254 : EDB;
	[18255..18257] : EDC;
	[18258..18259] : EED;
	18260 : EDC;
	[18261..18262] : C96;
	18263 : C95;
	18264 : D96;
	18265 : B97;
	18266 : BA9;
	18267 : C98;
	18268 : A64;
	[18269..18270] : BA9;
	18271 : CB9;
	18272 : B75;
	18273 : A64;
	[18274..18276] : C64;
	18277 : B64;
	18278 : A64;
	[18279..18286] : C64;
	18287 : A64;
	18288 : B97;
	18289 : CB9;
	18290 : BA9;
	18291 : C95;
	18292 : A75;
	18293 : B85;
	[18294..18295] : A75;
	18296 : C85;
	18297 : C96;
	[18298..18300] : 997;
	18301 : B96;
	18302 : C95;
	[18303..18304] : B96;
	18305 : A97;
	[18306..18315] : 997;
	[18316..18317] : A97;
	[18318..18322] : 997;
	18323 : 998;
	18324 : 8A9;
	[18325..18326] : 8A8;
	18327 : 8AA;
	[18328..18329] : 8A9;
	[18330..18333] : 8AA;
	18334 : 8A9;
	[18335..18338] : 8A8;
	18339 : 998;
	18340 : 8A9;
	18341 : 8AA;
	[18342..18343] : 997;
	18344 : 998;
	[18345..18346] : 8A8;
	18347 : 998;
	18348 : 8A8;
	18349 : 997;
	18350 : 887;
	[18351..18362] : 012;
	[18363..18497] : 000;
	18498 : DCC;
	18499 : BCF;
	[18500..18501] : EED;
	18502 : ECB;
	18503 : EED;
	18504 : EEC;
	18505 : ECB;
	18506 : EED;
	18507 : EDC;
	18508 : EED;
	18509 : EEC;
	18510 : EED;
	18511 : EEC;
	18512 : ECB;
	[18513..18514] : EED;
	18515 : EDC;
	18516 : C96;
	18517 : C95;
	18518 : B75;
	18519 : D96;
	18520 : C85;
	18521 : BA8;
	18522 : DBA;
	18523 : B75;
	18524 : B97;
	18525 : BA9;
	18526 : CB9;
	18527 : B97;
	[18528..18529] : A64;
	18530 : C64;
	[18531..18533] : B64;
	[18534..18535] : C64;
	18536 : B64;
	[18537..18540] : C64;
	18541 : B64;
	[18542..18543] : A64;
	18544 : A54;
	18545 : A75;
	18546 : C96;
	[18547..18550] : A75;
	18551 : C96;
	18552 : B96;
	[18553..18557] : 997;
	18558 : B96;
	18559 : C96;
	18560 : A97;
	[18561..18562] : 997;
	18563 : A97;
	[18564..18565] : B96;
	[18566..18569] : 997;
	[18570..18571] : A97;
	18572 : 997;
	18573 : A97;
	18574 : B96;
	18575 : A96;
	[18576..18578] : 997;
	18579 : 8A9;
	[18580..18597] : 8AA;
	[18598..18599] : 8A9;
	18600 : 998;
	18601 : 8A9;
	[18602..18605] : 8AA;
	18606 : 887;
	[18607..18618] : 012;
	[18619..18753] : 000;
	18754 : DCC;
	[18755..18757] : EED;
	18758 : EDC;
	18759 : EED;
	18760 : EDC;
	[18761..18766] : EED;
	[18767..18768] : EEC;
	18769 : EED;
	18770 : EDB;
	18771 : DB9;
	18772 : C95;
	18773 : B74;
	18774 : C85;
	18775 : B74;
	18776 : B87;
	18777 : DBA;
	18778 : BA8;
	18779 : A64;
	[18780..18782] : BA9;
	18783 : A75;
	[18784..18785] : C64;
	18786 : A64;
	[18787..18789] : C64;
	18790 : A64;
	18791 : A54;
	[18792..18793] : A64;
	18794 : A54;
	[18795..18796] : B64;
	[18797..18799] : A64;
	18800 : A53;
	18801 : C85;
	[18802..18805] : A75;
	18806 : C95;
	18807 : B96;
	[18808..18813] : 997;
	[18814..18815] : B96;
	[18816..18819] : 997;
	18820 : A97;
	[18821..18823] : 997;
	[18824..18826] : B96;
	18827 : 997;
	[18828..18832] : B96;
	18833 : 997;
	18834 : 998;
	[18835..18838] : 8AA;
	18839 : 8A9;
	18840 : 998;
	18841 : 8A9;
	[18842..18845] : 8AA;
	18846 : 998;
	[18847..18849] : 8AA;
	18850 : 8A9;
	18851 : 998;
	[18852..18853] : 8AA;
	18854 : 8A9;
	18855 : 998;
	[18856..18861] : 8AA;
	18862 : 123;
	[18863..18874] : 012;
	[18875..19009] : 000;
	19010 : DCC;
	19011 : CCE;
	[19012..19015] : EED;
	19016 : ECB;
	19017 : EED;
	19018 : ECB;
	[19019..19020] : EED;
	[19021..19022] : EDB;
	19023 : ECB;
	19024 : EEC;
	19025 : EED;
	19026 : ECB;
	19027 : C95;
	19028 : D96;
	[19029..19030] : A64;
	19031 : A74;
	[19032..19033] : DBA;
	[19034..19035] : BA9;
	[19036..19037] : CB9;
	19038 : BA8;
	19039 : B64;
	19040 : C64;
	19041 : A64;
	19042 : B64;
	[19043..19044] : A64;
	19045 : A54;
	19046 : B64;
	[19047..19048] : C64;
	19049 : B64;
	[19050..19055] : A64;
	19056 : A53;
	19057 : C95;
	19058 : A75;
	[19059..19060] : B85;
	19061 : C96;
	19062 : A97;
	[19063..19068] : 997;
	19069 : B96;
	[19070..19076] : 997;
	[19077..19079] : B96;
	19080 : A96;
	[19081..19084] : 997;
	[19085..19086] : A96;
	[19087..19091] : 997;
	[19092..19093] : 8AA;
	19094 : 997;
	19095 : 8A8;
	19096 : 8A9;
	[19097..19098] : 8AA;
	19099 : 8A9;
	19100 : 997;
	19101 : 998;
	19102 : 8AA;
	19103 : 8A9;
	[19104..19108] : 997;
	19109 : 8A9;
	19110 : 8AA;
	19111 : 8A9;
	19112 : 997;
	19113 : 8A9;
	[19114..19115] : 8AA;
	19116 : 8A8;
	19117 : 8A9;
	[19118..19130] : 012;
	[19131..19265] : 000;
	19266 : DCC;
	19267 : BBF;
	[19268..19271] : EED;
	19272 : ECB;
	19273 : EED;
	19274 : EDC;
	19275 : EED;
	19276 : ECB;
	[19277..19278] : EDC;
	19279 : ECB;
	19280 : EDC;
	19281 : ECB;
	19282 : C95;
	19283 : DB9;
	19284 : B75;
	[19285..19286] : A64;
	19287 : B98;
	19288 : CB9;
	[19289..19290] : DBA;
	19291 : CB9;
	19292 : DBA;
	19293 : BA9;
	[19294..19296] : A64;
	19297 : A53;
	19298 : A64;
	19299 : A54;
	19300 : A64;
	19301 : B64;
	[19302..19305] : C64;
	19306 : A54;
	19307 : A64;
	19308 : A54;
	[19309..19310] : A64;
	19311 : A53;
	19312 : B75;
	19313 : A75;
	19314 : B85;
	19315 : B96;
	[19316..19321] : 997;
	19322 : A97;
	[19323..19330] : 997;
	[19331..19333] : B96;
	19334 : A97;
	[19335..19338] : 997;
	19339 : 8A9;
	19340 : 8AA;
	19341 : 8A8;
	[19342..19344] : 8AA;
	[19345..19346] : 8A8;
	[19347..19348] : 8AA;
	[19349..19358] : 997;
	[19359..19360] : 897;
	[19361..19362] : 997;
	[19363..19365] : 898;
	19366 : 997;
	19367 : 8A9;
	19368 : 8A8;
	19369 : 997;
	[19370..19372] : 8AA;
	19373 : 997;
	[19374..19386] : 012;
	[19387..19521] : 000;
	19522 : DCC;
	19523 : BCF;
	19524 : DDE;
	[19525..19527] : EED;
	19528 : EEC;
	19529 : EED;
	19530 : EDC;
	[19531..19532] : ECB;
	19533 : EED;
	[19534..19535] : ECB;
	19536 : EDC;
	19537 : ECB;
	19538 : DB9;
	19539 : DA7;
	19540 : B74;
	[19541..19543] : A64;
	19544 : CB9;
	[19545..19548] : DBA;
	19549 : BA9;
	19550 : A54;
	[19551..19554] : A64;
	19555 : A54;
	[19556..19557] : A64;
	[19558..19559] : C64;
	[19560..19561] : B64;
	19562 : A53;
	19563 : A54;
	19564 : A53;
	19565 : A64;
	19566 : A53;
	19567 : A64;
	19568 : C96;
	19569 : B85;
	19570 : A97;
	19571 : 997;
	19572 : A96;
	19573 : B96;
	[19574..19576] : 997;
	19577 : B96;
	[19578..19582] : 997;
	19583 : A97;
	[19584..19585] : 997;
	[19586..19588] : B96;
	[19589..19592] : 997;
	19593 : 8A9;
	[19594..19604] : 8AA;
	[19605..19608] : 8A8;
	[19609..19613] : 997;
	[19614..19616] : 798;
	19617 : 897;
	[19618..19622] : 798;
	[19623..19624] : 997;
	[19625..19627] : 8AA;
	19628 : 8A9;
	19629 : 997;
	[19630..19642] : 012;
	[19643..19777] : 000;
	19778 : ECB;
	19779 : DDF;
	19780 : BCF;
	[19781..19784] : EED;
	19785 : EDC;
	[19786..19787] : ECB;
	19788 : EEC;
	[19789..19790] : EED;
	19791 : EEC;
	19792 : DA8;
	19793 : C96;
	19794 : B75;
	[19795..19797] : A64;
	19798 : B98;
	19799 : B86;
	19800 : CB9;
	[19801..19802] : CA9;
	[19803..19804] : DBA;
	19805 : BA9;
	19806 : A54;
	19807 : A53;
	19808 : A54;
	[19809..19811] : A53;
	[19812..19813] : A64;
	19814 : B64;
	19815 : C64;
	19816 : B64;
	[19817..19819] : A53;
	19820 : A64;
	19821 : A54;
	19822 : A53;
	19823 : B96;
	[19824..19825] : C95;
	19826 : 997;
	[19827..19828] : B96;
	[19829..19834] : 997;
	[19835..19837] : 798;
	[19838..19841] : B96;
	[19842..19846] : 997;
	19847 : 8A9;
	[19848..19853] : 8AA;
	19854 : 998;
	19855 : 8A8;
	[19856..19858] : 8AA;
	19859 : 8A9;
	[19860..19862] : 997;
	[19863..19866] : 798;
	19867 : 997;
	[19868..19871] : 798;
	19872 : 897;
	[19873..19875] : 798;
	[19876..19877] : 897;
	[19878..19879] : 798;
	19880 : 997;
	19881 : 998;
	19882 : 8AA;
	19883 : 998;
	[19884..19885] : 997;
	[19886..19898] : 012;
	[19899..20033] : 000;
	20034 : ECB;
	[20035..20036] : DDF;
	[20037..20040] : EED;
	20041 : EDC;
	20042 : ECB;
	20043 : EDB;
	[20044..20046] : EED;
	20047 : CA8;
	20048 : C95;
	20049 : D96;
	[20050..20053] : A64;
	[20054..20055] : BA9;
	20056 : CB9;
	20057 : BA9;
	20058 : C96;
	20059 : DBA;
	20060 : CA9;
	20061 : CB9;
	[20062..20063] : A53;
	20064 : A54;
	[20065..20067] : A53;
	[20068..20069] : A64;
	[20070..20074] : A53;
	20075 : A64;
	20076 : A54;
	20077 : A53;
	20078 : A64;
	[20079..20080] : C95;
	[20081..20082] : 997;
	20083 : B96;
	20084 : 997;
	20085 : B96;
	[20086..20088] : 997;
	20089 : 897;
	[20090..20092] : 798;
	[20093..20094] : 997;
	20095 : A96;
	[20096..20097] : 897;
	[20098..20099] : 997;
	[20100..20103] : 8A9;
	[20104..20106] : 8AA;
	20107 : 8A9;
	20108 : 8A8;
	20109 : 897;
	20110 : 998;
	20111 : 8A9;
	20112 : 997;
	20113 : 998;
	20114 : 997;
	20115 : 898;
	[20116..20125] : 798;
	20126 : 897;
	[20127..20129] : 997;
	20130 : 897;
	20131 : 797;
	20132 : 897;
	20133 : 997;
	20134 : 897;
	[20135..20136] : 798;
	20137 : 897;
	[20138..20140] : 798;
	20141 : 997;
	[20142..20154] : 012;
	[20155..20289] : 000;
	20290 : ECB;
	20291 : DDF;
	[20292..20296] : EED;
	20297 : EDB;
	20298 : ECB;
	20299 : EEC;
	[20300..20301] : EED;
	20302 : DDB;
	20303 : C96;
	[20304..20305] : D96;
	[20306..20309] : A64;
	20310 : B87;
	20311 : BA9;
	20312 : CB9;
	20313 : BA9;
	20314 : C96;
	20315 : CB9;
	20316 : BA9;
	20317 : CB9;
	20318 : A53;
	[20319..20324] : A54;
	[20325..20328] : A53;
	20329 : A54;
	20330 : A64;
	20331 : A54;
	[20332..20333] : A53;
	20334 : B96;
	20335 : C96;
	20336 : 997;
	20337 : A97;
	20338 : C96;
	[20339..20340] : B96;
	[20341..20345] : 997;
	[20346..20347] : 798;
	20348 : 898;
	20349 : 997;
	20350 : 897;
	[20351..20352] : 798;
	[20353..20354] : 997;
	20355 : 8A8;
	20356 : 998;
	20357 : 997;
	20358 : 8A8;
	[20359..20360] : 8A9;
	[20361..20362] : 997;
	20363 : 897;
	[20364..20366] : 798;
	20367 : 897;
	20368 : 887;
	20369 : 798;
	20370 : 787;
	[20371..20372] : 798;
	[20373..20375] : 898;
	20376 : 997;
	20377 : 898;
	20378 : 798;
	[20379..20380] : 898;
	[20381..20382] : 798;
	20383 : 997;
	20384 : 897;
	20385 : 798;
	[20386..20388] : 576;
	20389 : 698;
	[20390..20393] : 798;
	20394 : 997;
	20395 : 898;
	[20396..20397] : 798;
	[20398..20410] : 012;
	[20411..20545] : 000;
	20546 : ECB;
	20547 : DDF;
	[20548..20553] : EED;
	20554 : ECB;
	20555 : EEC;
	20556 : DCA;
	20557 : EED;
	20558 : DB9;
	20559 : C96;
	20560 : D96;
	[20561..20564] : A64;
	20565 : CB9;
	20566 : B97;
	20567 : DBA;
	20568 : CB9;
	20569 : BA9;
	20570 : D96;
	20571 : CB9;
	20572 : BA9;
	20573 : DA8;
	20574 : B75;
	20575 : A53;
	20576 : A54;
	20577 : A64;
	[20578..20580] : A54;
	[20581..20584] : A64;
	20585 : A54;
	[20586..20589] : A53;
	20590 : B96;
	20591 : C96;
	20592 : C95;
	[20593..20596] : B96;
	[20597..20600] : 997;
	[20601..20602] : 798;
	20603 : 898;
	[20604..20606] : 798;
	20607 : 897;
	20608 : 898;
	20609 : 897;
	[20610..20611] : 8A9;
	20612 : 998;
	20613 : 8A9;
	20614 : 8AA;
	20615 : 8A8;
	[20616..20617] : 997;
	20618 : 798;
	20619 : 577;
	[20620..20621] : 576;
	20622 : 798;
	[20623..20625] : 576;
	[20626..20630] : 798;
	[20631..20632] : 676;
	20633 : 577;
	20634 : 898;
	[20635..20636] : 897;
	[20637..20638] : 798;
	20639 : 897;
	20640 : 687;
	20641 : 576;
	20642 : 798;
	20643 : 577;
	20644 : 687;
	20645 : 576;
	20646 : 997;
	20647 : 897;
	20648 : 798;
	20649 : 898;
	[20650..20651] : 576;
	20652 : 687;
	20653 : 123;
	[20654..20666] : 012;
	[20667..20801] : 000;
	20802 : DCB;
	20803 : DDD;
	20804 : DDF;
	[20805..20809] : EED;
	20810 : ECB;
	20811 : DCB;
	[20812..20813] : DBA;
	[20814..20815] : C96;
	20816 : B85;
	[20817..20820] : A64;
	[20821..20822] : DBA;
	20823 : CB9;
	20824 : CA8;
	20825 : C95;
	[20826..20827] : DBA;
	20828 : C96;
	[20829..20830] : D96;
	[20831..20832] : A53;
	[20833..20835] : A64;
	[20836..20839] : A54;
	[20840..20844] : A53;
	20845 : B96;
	[20846..20847] : C95;
	[20848..20850] : B96;
	[20851..20855] : 997;
	[20856..20857] : 798;
	[20858..20859] : 997;
	20860 : 798;
	20861 : 997;
	20862 : 897;
	20863 : 798;
	20864 : 7A9;
	20865 : 8AA;
	20866 : 8A9;
	20867 : 997;
	20868 : 8A9;
	20869 : 8AA;
	20870 : 898;
	20871 : 798;
	[20872..20880] : 576;
	[20881..20884] : 798;
	[20885..20886] : 576;
	[20887..20888] : 698;
	[20889..20890] : 576;
	[20891..20893] : 798;
	20894 : 897;
	20895 : 798;
	20896 : 576;
	20897 : 798;
	[20898..20899] : 576;
	20900 : 798;
	20901 : 576;
	20902 : 798;
	20903 : 897;
	20904 : 997;
	[20905..20907] : 897;
	20908 : 576;
	20909 : 112;
	[20910..20921] : 012;
	[20922..21057] : 000;
	21058 : DCB;
	21059 : DDD;
	21060 : DDF;
	[21061..21065] : EED;
	21066 : ECB;
	[21067..21069] : DBA;
	21070 : C95;
	[21071..21074] : A64;
	21075 : B85;
	21076 : A64;
	[21077..21078] : BA8;
	[21079..21080] : C95;
	21081 : D96;
	21082 : DBA;
	21083 : DA8;
	[21084..21085] : B85;
	[21086..21087] : D96;
	21088 : B75;
	[21089..21092] : A54;
	[21093..21096] : D96;
	21097 : A54;
	[21098..21100] : B96;
	21101 : C96;
	[21102..21105] : B96;
	[21106..21110] : 997;
	21111 : 897;
	[21112..21113] : 997;
	21114 : 897;
	21115 : 576;
	[21116..21118] : 798;
	21119 : 7A9;
	21120 : 8A9;
	21121 : 998;
	21122 : 997;
	21123 : 897;
	[21124..21126] : 798;
	[21127..21128] : 576;
	21129 : 798;
	21130 : 576;
	21131 : 897;
	[21132..21133] : 576;
	[21134..21136] : 798;
	21137 : 698;
	21138 : 676;
	21139 : 898;
	[21140..21142] : 698;
	21143 : 687;
	21144 : 798;
	21145 : 576;
	21146 : 997;
	21147 : 798;
	21148 : 898;
	21149 : 997;
	21150 : 897;
	[21151..21152] : 687;
	21153 : 354;
	21154 : 455;
	21155 : 566;
	[21156..21157] : 576;
	21158 : 798;
	21159 : 687;
	[21160..21162] : 576;
	[21163..21164] : 897;
	[21165..21177] : 012;
	[21178..21314] : 000;
	21315 : ECB;
	21316 : DEE;
	21317 : EED;
	21318 : EEC;
	21319 : EED;
	21320 : EEC;
	21321 : ECB;
	21322 : DCA;
	[21323..21325] : DBA;
	21326 : CA7;
	[21327..21329] : A64;
	21330 : C85;
	21331 : A64;
	21332 : C85;
	[21333..21334] : C95;
	21335 : C96;
	21336 : C95;
	21337 : D96;
	21338 : DA8;
	21339 : D96;
	21340 : C96;
	[21341..21343] : B85;
	21344 : C96;
	[21345..21346] : D96;
	[21347..21348] : C96;
	[21349..21350] : B85;
	21351 : C95;
	21352 : C96;
	[21353..21355] : B96;
	21356 : A97;
	21357 : B96;
	21358 : AA8;
	21359 : B96;
	21360 : A97;
	21361 : 997;
	21362 : B96;
	[21363..21365] : 997;
	21366 : 897;
	21367 : 676;
	21368 : 887;
	[21369..21370] : 576;
	21371 : 687;
	21372 : 898;
	21373 : 798;
	21374 : 7A9;
	21375 : 8AA;
	[21376..21377] : 898;
	21378 : 8A9;
	21379 : 798;
	21380 : 787;
	[21381..21383] : 576;
	21384 : 798;
	21385 : 687;
	[21386..21387] : 798;
	21388 : 887;
	[21389..21391] : 798;
	[21392..21393] : 576;
	21394 : 898;
	21395 : 798;
	21396 : 576;
	[21397..21398] : 687;
	21399 : 798;
	21400 : 576;
	21401 : 698;
	[21402..21403] : 997;
	[21404..21405] : 798;
	21406 : 687;
	21407 : 566;
	21408 : 455;
	21409 : 566;
	[21410..21411] : 465;
	21412 : 566;
	[21413..21414] : 798;
	21415 : 687;
	[21416..21417] : 577;
	21418 : 798;
	21419 : 576;
	21420 : 698;
	[21421..21433] : 012;
	[21434..21570] : 000;
	21571 : ECB;
	21572 : EED;
	21573 : EDB;
	[21574..21576] : ECB;
	[21577..21579] : DBA;
	21580 : CA8;
	[21581..21582] : DBA;
	[21583..21585] : A64;
	[21586..21589] : C95;
	[21590..21591] : C96;
	21592 : C95;
	[21593..21595] : D96;
	21596 : B86;
	21597 : A74;
	21598 : B85;
	21599 : B75;
	[21600..21602] : B85;
	21603 : B75;
	21604 : B85;
	[21605..21606] : C95;
	21607 : C96;
	[21608..21610] : B96;
	[21611..21614] : 8AA;
	21615 : B96;
	21616 : A96;
	21617 : B96;
	21618 : A96;
	21619 : 997;
	21620 : 787;
	[21621..21622] : 676;
	[21623..21624] : 576;
	21625 : 698;
	21626 : 576;
	[21627..21628] : 798;
	21629 : 7A9;
	21630 : 8AA;
	[21631..21632] : 8A9;
	21633 : 8AA;
	21634 : 577;
	[21635..21638] : 576;
	21639 : 798;
	21640 : 997;
	[21641..21642] : 798;
	21643 : 676;
	21644 : 687;
	[21645..21646] : 798;
	21647 : 897;
	[21648..21649] : 576;
	21650 : 577;
	21651 : 798;
	21652 : 997;
	21653 : 787;
	21654 : 897;
	[21655..21657] : 576;
	21658 : 354;
	21659 : 466;
	21660 : 687;
	21661 : 576;
	21662 : 566;
	[21663..21664] : 576;
	21665 : 465;
	21666 : 577;
	21667 : 354;
	[21668..21669] : 465;
	21670 : 466;
	[21671..21672] : 465;
	21673 : 354;
	21674 : 465;
	21675 : 576;
	21676 : 123;
	[21677..21689] : 012;
	[21690..21826] : 000;
	21827 : DCB;
	21828 : EDB;
	[21829..21830] : ECB;
	21831 : DCA;
	21832 : ECB;
	[21833..21834] : DBA;
	[21835..21836] : CA8;
	21837 : CB9;
	21838 : DBA;
	[21839..21841] : A64;
	[21842..21845] : C95;
	21846 : DBA;
	21847 : C95;
	[21848..21850] : D96;
	21851 : C95;
	21852 : B85;
	[21853..21858] : A64;
	21859 : C85;
	21860 : C95;
	[21861..21862] : B96;
	[21863..21864] : AA7;
	21865 : B96;
	21866 : 9A9;
	21867 : 9A8;
	21868 : 8A9;
	21869 : 9A9;
	21870 : A97;
	21871 : B96;
	21872 : A97;
	21873 : B96;
	21874 : 997;
	21875 : 787;
	[21876..21877] : 576;
	21878 : 798;
	21879 : 7A9;
	21880 : 576;
	[21881..21882] : 798;
	21883 : 897;
	[21884..21885] : 798;
	[21886..21887] : 8AA;
	21888 : 7A9;
	[21889..21890] : 576;
	21891 : 787;
	[21892..21896] : 576;
	21897 : 698;
	[21898..21900] : 576;
	21901 : 897;
	[21902..21903] : 997;
	21904 : 798;
	21905 : 698;
	[21906..21908] : 576;
	21909 : 897;
	[21910..21911] : 576;
	21912 : 354;
	21913 : 566;
	21914 : 576;
	21915 : 465;
	[21916..21918] : 354;
	21919 : 465;
	21920 : 354;
	21921 : 687;
	[21922..21923] : 8A9;
	21924 : 687;
	21925 : 354;
	21926 : 8A9;
	21927 : 8AA;
	21928 : 8A9;
	21929 : 698;
	21930 : 576;
	21931 : 566;
	[21932..21945] : 012;
	[21946..22082] : 000;
	[22083..22084] : DCB;
	22085 : DBA;
	22086 : DCB;
	[22087..22089] : DBA;
	22090 : DB9;
	22091 : C95;
	22092 : B75;
	22093 : B74;
	22094 : C85;
	[22095..22096] : A64;
	22097 : B74;
	[22098..22100] : C95;
	22101 : DB9;
	22102 : DBA;
	22103 : C95;
	22104 : C96;
	22105 : C95;
	22106 : D96;
	22107 : B85;
	22108 : A75;
	[22109..22110] : A64;
	22111 : B75;
	22112 : A64;
	22113 : B74;
	[22114..22116] : C95;
	22117 : A97;
	22118 : 8AA;
	22119 : B96;
	22120 : 9A9;
	[22121..22124] : 8AA;
	22125 : 9A9;
	22126 : B96;
	22127 : 997;
	22128 : A97;
	22129 : 997;
	22130 : 897;
	[22131..22132] : 576;
	22133 : 698;
	22134 : 8A9;
	[22135..22136] : 687;
	22137 : 897;
	22138 : 798;
	22139 : 898;
	22140 : 798;
	[22141..22142] : 8A9;
	22143 : 798;
	22144 : 897;
	22145 : 576;
	22146 : 698;
	22147 : 687;
	22148 : 798;
	[22149..22153] : 576;
	22154 : 798;
	22155 : 687;
	22156 : 576;
	22157 : 698;
	22158 : 798;
	22159 : 698;
	22160 : 465;
	22161 : 566;
	[22162..22163] : 354;
	[22164..22165] : 566;
	22166 : 354;
	22167 : 465;
	22168 : 566;
	[22169..22170] : 354;
	22171 : 566;
	[22172..22174] : 576;
	22175 : 455;
	22176 : 354;
	22177 : 576;
	[22178..22180] : 8AA;
	22181 : 798;
	22182 : 8AA;
	[22183..22184] : 8A9;
	[22185..22186] : 576;
	22187 : 687;
	[22188..22200] : 012;
	22201 : 002;
	[22202..22339] : 000;
	22340 : ECB;
	[22341..22345] : DBA;
	22346 : C95;
	22347 : D96;
	22348 : A64;
	22349 : B85;
	[22350..22351] : A64;
	[22352..22353] : C85;
	[22354..22356] : C95;
	[22357..22358] : DB9;
	22359 : C95;
	[22360..22361] : D96;
	22362 : B85;
	22363 : A75;
	22364 : A74;
	22365 : A64;
	22366 : B75;
	22367 : C95;
	22368 : A64;
	22369 : C85;
	22370 : A64;
	22371 : C95;
	22372 : B96;
	22373 : 9A9;
	22374 : B96;
	[22375..22379] : 8AA;
	22380 : AA8;
	22381 : B96;
	[22382..22386] : 997;
	22387 : 687;
	22388 : 7A9;
	[22389..22391] : 687;
	22392 : 798;
	22393 : 997;
	22394 : 898;
	22395 : 798;
	22396 : 7A9;
	[22397..22398] : 798;
	22399 : 997;
	[22400..22401] : 576;
	22402 : 798;
	22403 : 687;
	[22404..22405] : 576;
	22406 : 698;
	[22407..22410] : 576;
	22411 : 687;
	22412 : 576;
	22413 : 798;
	22414 : 577;
	22415 : 354;
	22416 : 465;
	[22417..22418] : 576;
	22419 : 465;
	22420 : 455;
	22421 : 566;
	[22422..22423] : 576;
	22424 : 465;
	22425 : 687;
	22426 : 354;
	22427 : 465;
	[22428..22429] : 576;
	22430 : 566;
	22431 : 465;
	22432 : 576;
	22433 : 566;
	22434 : 576;
	[22435..22437] : 8AA;
	22438 : 798;
	22439 : 8AA;
	[22440..22441] : 576;
	22442 : 798;
	22443 : 466;
	[22444..22456] : 012;
	[22457..22595] : 000;
	22596 : ECB;
	[22597..22600] : DBA;
	22601 : C96;
	[22602..22603] : D96;
	[22604..22607] : A64;
	[22608..22609] : C95;
	22610 : CA8;
	22611 : DBA;
	22612 : C96;
	[22613..22614] : DB9;
	22615 : D96;
	22616 : C96;
	22617 : B85;
	[22618..22619] : A75;
	[22620..22621] : A64;
	22622 : C85;
	22623 : B74;
	[22624..22625] : A64;
	22626 : C85;
	22627 : C95;
	22628 : B96;
	[22629..22633] : 8AA;
	22634 : AA8;
	22635 : 8AA;
	22636 : AA8;
	22637 : B96;
	[22638..22641] : 997;
	22642 : 897;
	22643 : 576;
	22644 : 577;
	22645 : 798;
	22646 : 687;
	22647 : 798;
	22648 : 898;
	[22649..22650] : 997;
	[22651..22652] : 798;
	22653 : 898;
	22654 : 997;
	22655 : 887;
	[22656..22659] : 576;
	22660 : 687;
	22661 : 798;
	22662 : 576;
	22663 : 687;
	[22664..22665] : 576;
	22666 : 676;
	22667 : 576;
	22668 : 566;
	[22669..22670] : 465;
	[22671..22676] : 576;
	22677 : 687;
	[22678..22679] : 798;
	22680 : 465;
	22681 : 687;
	22682 : 354;
	22683 : 465;
	22684 : 566;
	22685 : 355;
	22686 : 465;
	22687 : 566;
	22688 : 465;
	22689 : 576;
	22690 : 798;
	[22691..22694] : 8AA;
	22695 : 7A9;
	22696 : 687;
	22697 : 576;
	22698 : 798;
	22699 : 233;
	[22700..22712] : 012;
	[22713..22851] : 000;
	22852 : EDB;
	[22853..22855] : DBA;
	22856 : CA7;
	22857 : C95;
	[22858..22859] : D96;
	[22860..22863] : A64;
	22864 : C95;
	22865 : DB9;
	22866 : DBA;
	22867 : C96;
	22868 : C97;
	22869 : DBA;
	22870 : C96;
	22871 : CA7;
	22872 : DB9;
	22873 : DBA;
	22874 : CB9;
	22875 : A75;
	22876 : A64;
	22877 : C85;
	22878 : B74;
	[22879..22880] : A64;
	22881 : C85;
	22882 : C95;
	22883 : C96;
	22884 : 9A8;
	22885 : B96;
	[22886..22887] : 8AA;
	22888 : AA8;
	[22889..22890] : B96;
	22891 : AA8;
	[22892..22893] : B96;
	[22894..22895] : 997;
	22896 : 686;
	[22897..22899] : 576;
	22900 : 687;
	22901 : 897;
	22902 : 997;
	22903 : 897;
	[22904..22905] : 997;
	[22906..22907] : 798;
	22908 : 898;
	22909 : 997;
	22910 : 897;
	[22911..22913] : 576;
	22914 : 897;
	[22915..22916] : 798;
	22917 : 576;
	22918 : 897;
	[22919..22923] : 576;
	[22924..22926] : 354;
	22927 : 566;
	22928 : 698;
	[22929..22930] : 576;
	22931 : 687;
	22932 : 576;
	22933 : 698;
	22934 : 576;
	22935 : 798;
	22936 : 566;
	22937 : 687;
	22938 : 566;
	22939 : 354;
	22940 : 587;
	22941 : 798;
	22942 : 687;
	22943 : 354;
	22944 : 465;
	22945 : 354;
	[22946..22947] : 8AA;
	[22948..22950] : 576;
	22951 : 7A9;
	22952 : 798;
	[22953..22954] : 576;
	[22955..22968] : 012;
	[22969..23108] : 000;
	23109 : ECB;
	[23110..23111] : DBA;
	23112 : DB9;
	[23113..23114] : C95;
	[23115..23118] : A64;
	23119 : B75;
	23120 : C95;
	[23121..23122] : DB9;
	23123 : C97;
	[23124..23125] : CB9;
	23126 : BA9;
	23127 : DBA;
	[23128..23129] : BA9;
	23130 : CB9;
	23131 : A75;
	23132 : C95;
	23133 : B74;
	[23134..23135] : A64;
	23136 : C85;
	23137 : C95;
	23138 : C96;
	[23139..23140] : B96;
	[23141..23142] : 9A9;
	23143 : B97;
	[23144..23145] : B96;
	[23146..23147] : 997;
	23148 : B96;
	23149 : 576;
	23150 : 887;
	23151 : 576;
	23152 : 687;
	23153 : 798;
	[23154..23155] : 576;
	23156 : 798;
	23157 : 897;
	23158 : 668;
	23159 : 997;
	23160 : 897;
	[23161..23162] : 798;
	23163 : 997;
	23164 : 897;
	[23165..23166] : 576;
	23167 : 687;
	23168 : 576;
	23169 : 897;
	[23170..23171] : 997;
	[23172..23174] : 576;
	23175 : 687;
	23176 : 576;
	23177 : 698;
	23178 : 798;
	23179 : 566;
	23180 : 465;
	23181 : 455;
	23182 : 576;
	[23183..23184] : 798;
	23185 : 576;
	23186 : 798;
	23187 : 576;
	[23188..23189] : 465;
	[23190..23191] : 576;
	23192 : 455;
	23193 : 688;
	23194 : 354;
	23195 : 465;
	23196 : 576;
	23197 : 455;
	23198 : 698;
	23199 : 587;
	23200 : 354;
	23201 : 566;
	[23202..23206] : 576;
	23207 : 698;
	23208 : 798;
	23209 : 576;
	23210 : 455;
	[23211..23223] : 012;
	[23224..23364] : 000;
	23365 : ECB;
	[23366..23367] : DBA;
	[23368..23369] : C95;
	23370 : C96;
	[23371..23373] : A64;
	23374 : B75;
	[23375..23376] : C95;
	23377 : DBA;
	23378 : CB9;
	23379 : BA9;
	23380 : DBA;
	23381 : BA9;
	[23382..23383] : DBA;
	23384 : B97;
	[23385..23386] : CB9;
	23387 : B85;
	23388 : B74;
	[23389..23390] : A64;
	23391 : B85;
	23392 : C96;
	[23393..23395] : B96;
	23396 : A97;
	23397 : 8AA;
	23398 : AA8;
	23399 : B96;
	23400 : A97;
	[23401..23404] : 997;
	[23405..23407] : 576;
	23408 : 687;
	23409 : 577;
	23410 : 576;
	23411 : 687;
	23412 : 897;
	23413 : 568;
	23414 : 997;
	23415 : 898;
	23416 : 798;
	23417 : 897;
	23418 : 898;
	23419 : 698;
	[23420..23421] : 576;
	23422 : 687;
	23423 : 576;
	23424 : 686;
	[23425..23426] : 576;
	[23427..23428] : 787;
	23429 : 676;
	23430 : 897;
	[23431..23432] : 576;
	23433 : 587;
	23434 : 576;
	23435 : 465;
	[23436..23438] : 576;
	23439 : 687;
	23440 : 798;
	23441 : 698;
	23442 : 687;
	23443 : 354;
	23444 : 577;
	23445 : 576;
	[23446..23447] : 465;
	23448 : 687;
	23449 : 355;
	23450 : 354;
	[23451..23452] : 465;
	[23453..23454] : 354;
	23455 : 466;
	23456 : 455;
	23457 : 576;
	23458 : 687;
	[23459..23461] : 8AA;
	23462 : 798;
	23463 : 576;
	23464 : 798;
	23465 : 576;
	[23466..23479] : 012;
	[23480..23620] : 000;
	23621 : EDB;
	23622 : DBA;
	23623 : C96;
	23624 : C95;
	[23625..23628] : A64;
	23629 : B85;
	[23630..23632] : C95;
	23633 : DB9;
	23634 : CB9;
	23635 : BA9;
	23636 : DBA;
	23637 : BA9;
	23638 : DBA;
	23639 : B86;
	23640 : A85;
	[23641..23642] : A75;
	23643 : B74;
	23644 : A64;
	23645 : B85;
	23646 : B74;
	23647 : C95;
	[23648..23649] : B96;
	23650 : 9A8;
	23651 : A97;
	23652 : 9A9;
	23653 : 8AA;
	[23654..23655] : B96;
	[23656..23659] : 997;
	23660 : 676;
	[23661..23662] : 576;
	23663 : 577;
	23664 : 687;
	23665 : 798;
	23666 : 698;
	[23667..23668] : 788;
	23669 : 558;
	23670 : 897;
	23671 : 798;
	23672 : 997;
	[23673..23674] : 798;
	23675 : 687;
	23676 : 576;
	23677 : 687;
	23678 : 797;
	[23679..23680] : 576;
	23681 : 687;
	[23682..23683] : 576;
	23684 : 887;
	23685 : 686;
	23686 : 576;
	23687 : 687;
	23688 : 354;
	23689 : 465;
	[23690..23692] : 576;
	23693 : 698;
	23694 : 576;
	[23695..23696] : 798;
	23697 : 698;
	23698 : 566;
	23699 : 354;
	[23700..23701] : 798;
	23702 : 577;
	23703 : 687;
	23704 : 798;
	23705 : 455;
	23706 : 576;
	23707 : 354;
	23708 : 455;
	[23709..23710] : 354;
	23711 : 577;
	23712 : 566;
	23713 : 687;
	23714 : 8AA;
	23715 : 7A9;
	23716 : 798;
	23717 : 8AA;
	23718 : 687;
	23719 : 576;
	[23720..23721] : 798;
	[23722..23735] : 012;
	[23736..23877] : 000;
	23878 : DCA;
	23879 : C96;
	23880 : B75;
	[23881..23883] : A64;
	23884 : B85;
	23885 : B74;
	[23886..23888] : C95;
	23889 : DB9;
	23890 : DBA;
	23891 : CA9;
	[23892..23893] : CB9;
	23894 : A85;
	23895 : B85;
	[23896..23897] : A75;
	[23898..23901] : B85;
	23902 : C95;
	23903 : C96;
	23904 : B96;
	23905 : 9A9;
	23906 : A97;
	[23907..23908] : 8AA;
	[23909..23910] : B96;
	23911 : 997;
	[23912..23914] : B96;
	23915 : 997;
	[23916..23917] : 576;
	[23918..23919] : 798;
	23920 : 897;
	23921 : 798;
	[23922..23923] : 569;
	[23924..23925] : 558;
	[23926..23928] : 997;
	[23929..23930] : 798;
	23931 : 687;
	23932 : 698;
	23933 : 997;
	23934 : 576;
	23935 : 797;
	23936 : 897;
	23937 : 997;
	23938 : 687;
	23939 : 576;
	23940 : 687;
	23941 : 576;
	23942 : 798;
	23943 : 587;
	23944 : 566;
	23945 : 354;
	23946 : 455;
	23947 : 576;
	[23948..23949] : 798;
	23950 : 687;
	23951 : 798;
	23952 : 687;
	23953 : 576;
	23954 : 465;
	23955 : 354;
	23956 : 587;
	[23957..23958] : 798;
	23959 : 576;
	23960 : 798;
	23961 : 688;
	23962 : 455;
	23963 : 354;
	23964 : 687;
	23965 : 354;
	23966 : 687;
	23967 : 355;
	23968 : 576;
	23969 : 698;
	23970 : 8AA;
	23971 : 576;
	23972 : 8A9;
	23973 : 8AA;
	23974 : 576;
	23975 : 698;
	23976 : 798;
	23977 : 123;
	[23978..23990] : 012;
	[23991..24133] : 000;
	24134 : ECB;
	24135 : C96;
	24136 : B75;
	[24137..24138] : A64;
	24139 : B75;
	24140 : C95;
	24141 : B74;
	24142 : C95;
	24143 : CA7;
	24144 : CA8;
	24145 : DBA;
	24146 : CA9;
	24147 : DBA;
	24148 : CB9;
	24149 : A85;
	24150 : B85;
	24151 : A85;
	24152 : A75;
	[24153..24154] : B85;
	24155 : A64;
	[24156..24157] : B85;
	24158 : C96;
	24159 : B96;
	24160 : 8AA;
	24161 : A97;
	[24162..24163] : 8AA;
	[24164..24165] : B96;
	24166 : 997;
	24167 : B96;
	24168 : 997;
	[24169..24170] : B96;
	24171 : 898;
	24172 : 576;
	24173 : 798;
	24174 : 888;
	24175 : 778;
	24176 : 678;
	24177 : 558;
	24178 : 67A;
	24179 : BBF;
	24180 : ABE;
	24181 : 897;
	[24182..24183] : 997;
	[24184..24187] : 798;
	24188 : 898;
	24189 : 576;
	24190 : 798;
	24191 : 676;
	24192 : 897;
	24193 : 997;
	24194 : 576;
	[24195..24196] : 687;
	24197 : 798;
	24198 : 687;
	24199 : 354;
	24200 : 465;
	24201 : 688;
	24202 : 354;
	24203 : 576;
	24204 : 698;
	[24205..24207] : 576;
	24208 : 8AA;
	24209 : 576;
	24210 : 566;
	[24211..24212] : 354;
	24213 : 698;
	24214 : 576;
	24215 : 798;
	24216 : 576;
	24217 : 798;
	24218 : 354;
	24219 : 576;
	24220 : 354;
	24221 : 687;
	24222 : 455;
	24223 : 566;
	24224 : 576;
	24225 : 687;
	24226 : 7A9;
	24227 : 576;
	24228 : 798;
	24229 : 576;
	24230 : 798;
	24231 : 698;
	24232 : 465;
	[24233..24246] : 012;
	[24247..24389] : 000;
	24390 : DCB;
	24391 : DB8;
	24392 : B75;
	[24393..24394] : A64;
	[24395..24396] : B74;
	[24397..24398] : C95;
	[24399..24400] : DBA;
	[24401..24403] : CB9;
	24404 : DBA;
	24405 : A75;
	[24406..24409] : B85;
	[24410..24411] : B75;
	[24412..24413] : B85;
	24414 : B96;
	24415 : AA8;
	24416 : 8AA;
	24417 : AA7;
	24418 : 8AA;
	24419 : 9A9;
	24420 : B96;
	24421 : 997;
	24422 : B96;
	24423 : 997;
	24424 : A97;
	24425 : B96;
	24426 : A96;
	24427 : 798;
	24428 : 787;
	24429 : 568;
	24430 : 558;
	24431 : 678;
	24432 : 9AD;
	[24433..24434] : BBF;
	24435 : 9AD;
	24436 : 78B;
	24437 : 897;
	[24438..24439] : 997;
	24440 : 687;
	24441 : 698;
	[24442..24443] : 798;
	24444 : 887;
	24445 : 687;
	[24446..24447] : 576;
	24448 : 577;
	24449 : 787;
	24450 : 798;
	24451 : 577;
	24452 : 687;
	24453 : 355;
	24454 : 465;
	24455 : 576;
	24456 : 354;
	24457 : 798;
	24458 : 465;
	24459 : 687;
	[24460..24462] : 576;
	24463 : 687;
	[24464..24465] : 8AA;
	24466 : 576;
	24467 : 455;
	24468 : 354;
	24469 : 576;
	[24470..24471] : 687;
	24472 : 798;
	24473 : 687;
	24474 : 465;
	24475 : 455;
	24476 : 465;
	24477 : 455;
	24478 : 566;
	24479 : 465;
	24480 : 566;
	24481 : 576;
	24482 : 698;
	24483 : 577;
	[24484..24485] : 798;
	24486 : 687;
	24487 : 576;
	24488 : 233;
	[24489..24501] : 012;
	[24502..24646] : 000;
	24647 : ECB;
	24648 : B75;
	24649 : B85;
	[24650..24651] : A64;
	24652 : C85;
	24653 : C95;
	24654 : C96;
	24655 : DBA;
	24656 : CB9;
	24657 : BA9;
	24658 : CB9;
	24659 : CA8;
	24660 : DBA;
	24661 : A75;
	[24662..24664] : B85;
	[24665..24666] : A64;
	24667 : B85;
	[24668..24669] : C95;
	24670 : B96;
	24671 : AA8;
	24672 : 9A8;
	[24673..24674] : 8AA;
	24675 : 9A8;
	24676 : B96;
	24677 : 997;
	24678 : B96;
	24679 : 997;
	[24680..24681] : B96;
	24682 : 897;
	24683 : 798;
	24684 : 788;
	[24685..24686] : 558;
	24687 : 89C;
	[24688..24689] : BBF;
	24690 : 77A;
	24691 : 669;
	24692 : 788;
	[24693..24694] : 997;
	24695 : 887;
	24696 : 576;
	[24697..24699] : 798;
	24700 : 787;
	24701 : 576;
	24702 : 898;
	24703 : 676;
	24704 : 576;
	[24705..24706] : 798;
	24707 : 577;
	24708 : 465;
	24709 : 576;
	24710 : 465;
	24711 : 354;
	24712 : 687;
	24713 : 455;
	24714 : 354;
	24715 : 465;
	24716 : 576;
	24717 : 798;
	[24718..24720] : 8AA;
	24721 : 7A9;
	24722 : 576;
	24723 : 465;
	24724 : 566;
	[24725..24727] : 687;
	24728 : 577;
	24729 : 687;
	24730 : 698;
	24731 : 354;
	24732 : 465;
	24733 : 576;
	24734 : 587;
	24735 : 577;
	24736 : 465;
	[24737..24738] : 576;
	[24739..24741] : 798;
	24742 : 576;
	24743 : 677;
	[24744..24757] : 012;
	[24758..24902] : 000;
	24903 : DCB;
	24904 : B86;
	24905 : B75;
	24906 : B74;
	24907 : B75;
	[24908..24909] : C95;
	24910 : C96;
	24911 : DBA;
	24912 : BA9;
	24913 : CB9;
	24914 : DB9;
	24915 : B85;
	[24916..24917] : A85;
	24918 : B85;
	[24919..24920] : B75;
	24921 : A64;
	[24922..24923] : B85;
	[24924..24925] : C95;
	[24926..24927] : B96;
	24928 : 9A8;
	[24929..24930] : 8AA;
	24931 : B97;
	24932 : B96;
	[24933..24935] : 997;
	24936 : B96;
	24937 : 997;
	[24938..24939] : 798;
	24940 : 578;
	24941 : 558;
	[24942..24944] : BBF;
	24945 : 9A9;
	24946 : 888;
	24947 : 558;
	[24948..24949] : 997;
	24950 : 798;
	24951 : 576;
	24952 : 687;
	[24953..24955] : 798;
	24956 : 576;
	[24957..24958] : 897;
	24959 : 576;
	24960 : 787;
	24961 : 798;
	24962 : 455;
	24963 : 577;
	24964 : 465;
	[24965..24966] : 354;
	24967 : 576;
	24968 : 455;
	24969 : 566;
	24970 : 576;
	24971 : 798;
	[24972..24976] : 8AA;
	24977 : 8A9;
	24978 : 576;
	24979 : 354;
	24980 : 698;
	[24981..24982] : 576;
	24983 : 7A9;
	[24984..24986] : 798;
	24987 : 455;
	24988 : 576;
	24989 : 354;
	24990 : 798;
	24991 : 354;
	24992 : 465;
	[24993..24994] : 576;
	[24995..24997] : 798;
	24998 : 698;
	24999 : 112;
	[25000..25012] : 012;
	25013 : 002;
	[25014..25159] : 000;
	25160 : ECB;
	25161 : B74;
	25162 : C96;
	[25163..25165] : C95;
	25166 : C96;
	25167 : CB9;
	25168 : BA9;
	25169 : CB9;
	25170 : DB9;
	25171 : B85;
	25172 : A85;
	25173 : A75;
	[25174..25177] : A64;
	25178 : B85;
	25179 : C95;
	25180 : B96;
	25181 : C95;
	[25182..25183] : B96;
	[25184..25185] : 8AA;
	25186 : 9A9;
	25187 : B96;
	25188 : 997;
	25189 : A96;
	25190 : 997;
	25191 : B96;
	25192 : 897;
	[25193..25194] : 798;
	25195 : 998;
	25196 : 558;
	25197 : AAE;
	25198 : 558;
	[25199..25200] : BBF;
	25201 : 998;
	25202 : 897;
	25203 : 778;
	25204 : 997;
	25205 : 798;
	[25206..25207] : 576;
	[25208..25210] : 798;
	25211 : 997;
	25212 : 798;
	25213 : 897;
	25214 : 576;
	25215 : 787;
	25216 : 687;
	25217 : 455;
	25218 : 576;
	25219 : 354;
	25220 : 465;
	25221 : 455;
	[25222..25223] : 354;
	25224 : 465;
	25225 : 576;
	25226 : 798;
	25227 : 8A9;
	[25228..25229] : 698;
	25230 : 576;
	25231 : 8A9;
	25232 : 8AA;
	25233 : 8A9;
	25234 : 566;
	25235 : 466;
	25236 : 576;
	[25237..25238] : 354;
	25239 : 455;
	25240 : 8AA;
	[25241..25242] : 798;
	25243 : 355;
	25244 : 566;
	25245 : 354;
	25246 : 687;
	25247 : 465;
	25248 : 354;
	25249 : 576;
	25250 : 798;
	25251 : 698;
	25252 : 576;
	25253 : 798;
	25254 : 687;
	[25255..25268] : 012;
	[25269..25415] : 000;
	25416 : DCB;
	25417 : B86;
	25418 : B74;
	[25419..25421] : C95;
	[25422..25423] : DBA;
	25424 : BA9;
	25425 : CB9;
	25426 : C95;
	25427 : B85;
	25428 : A85;
	25429 : B85;
	[25430..25433] : A64;
	25434 : B85;
	25435 : C96;
	[25436..25438] : B96;
	25439 : A97;
	[25440..25441] : 8AA;
	25442 : B96;
	25443 : A97;
	25444 : 997;
	25445 : A97;
	[25446..25447] : 997;
	25448 : 798;
	25449 : 897;
	25450 : 9AB;
	25451 : 89C;
	25452 : 568;
	25453 : BBF;
	25454 : ABF;
	25455 : BBF;
	25456 : 78B;
	25457 : 897;
	[25458..25459] : 997;
	25460 : 798;
	[25461..25463] : 576;
	[25464..25466] : 798;
	25467 : 898;
	25468 : 798;
	[25469..25470] : 687;
	25471 : 577;
	25472 : 466;
	25473 : 566;
	[25474..25476] : 354;
	25477 : 566;
	[25478..25480] : 576;
	25481 : 698;
	25482 : 8AA;
	[25483..25484] : 576;
	25485 : 698;
	25486 : 798;
	25487 : 576;
	25488 : 798;
	25489 : 576;
	25490 : 354;
	25491 : 687;
	25492 : 576;
	25493 : 465;
	25494 : 566;
	25495 : 465;
	25496 : 687;
	[25497..25498] : 8AA;
	25499 : 798;
	25500 : 455;
	25501 : 566;
	[25502..25503] : 465;
	25504 : 687;
	25505 : 698;
	25506 : 687;
	25507 : 577;
	[25508..25509] : 576;
	[25510..25524] : 012;
	[25525..25672] : 000;
	25673 : EDB;
	[25674..25676] : C95;
	25677 : CA8;
	25678 : CB9;
	[25679..25680] : CA9;
	25681 : DBA;
	[25682..25685] : B85;
	[25686..25688] : A64;
	25689 : B75;
	25690 : B85;
	25691 : C96;
	[25692..25694] : B96;
	25695 : A97;
	[25696..25697] : 8AA;
	25698 : B96;
	25699 : 997;
	25700 : A97;
	25701 : 997;
	25702 : 798;
	25703 : 898;
	25704 : 798;
	25705 : 997;
	25706 : BBF;
	25707 : 668;
	25708 : 568;
	25709 : BBF;
	25710 : 77A;
	25711 : 9AD;
	25712 : 558;
	25713 : 897;
	25714 : 576;
	25715 : 787;
	25716 : 798;
	[25717..25718] : 576;
	25719 : 577;
	[25720..25721] : 798;
	25722 : 997;
	25723 : 898;
	25724 : 687;
	[25725..25727] : 576;
	25728 : 466;
	25729 : 455;
	25730 : 698;
	25731 : 354;
	25732 : 465;
	25733 : 576;
	25734 : 8A9;
	25735 : 576;
	25736 : 698;
	25737 : 798;
	25738 : 698;
	25739 : 576;
	[25740..25742] : 798;
	25743 : 576;
	25744 : 577;
	25745 : 576;
	25746 : 354;
	25747 : 577;
	[25748..25749] : 465;
	25750 : 8AA;
	25751 : 688;
	25752 : 576;
	[25753..25754] : 687;
	25755 : 798;
	25756 : 799;
	[25757..25758] : 355;
	25759 : 798;
	[25760..25761] : 576;
	[25762..25764] : 798;
	25765 : 234;
	[25766..25779] : 012;
	[25780..25928] : 000;
	25929 : EDC;
	25930 : DB9;
	[25931..25932] : C95;
	25933 : DB9;
	[25934..25935] : BA9;
	25936 : CA8;
	25937 : C96;
	[25938..25939] : B85;
	25940 : B75;
	25941 : B85;
	25942 : A64;
	25943 : B75;
	25944 : A64;
	[25945..25946] : B85;
	[25947..25950] : B96;
	[25951..25952] : 8AA;
	25953 : A97;
	[25954..25955] : 997;
	25956 : A97;
	[25957..25959] : 798;
	25960 : 897;
	25961 : ABE;
	25962 : AAE;
	25963 : 997;
	25964 : 89C;
	25965 : BBF;
	25966 : 558;
	25967 : 569;
	25968 : 778;
	[25969..25970] : 576;
	25971 : 698;
	25972 : 687;
	[25973..25974] : 576;
	25975 : 577;
	25976 : 898;
	[25977..25978] : 798;
	25979 : 687;
	[25980..25982] : 576;
	25983 : 698;
	25984 : 466;
	25985 : 354;
	25986 : 576;
	25987 : 566;
	25988 : 576;
	25989 : 8AA;
	25990 : 798;
	25991 : 576;
	[25992..25995] : 798;
	25996 : 687;
	25997 : 354;
	25998 : 576;
	[25999..26000] : 687;
	26001 : 698;
	26002 : 465;
	26003 : 8A9;
	26004 : 687;
	26005 : 8AA;
	26006 : 8A9;
	26007 : 566;
	[26008..26012] : 576;
	[26013..26014] : 798;
	26015 : 687;
	26016 : 576;
	26017 : 7A9;
	26018 : 798;
	26019 : 576;
	26020 : 798;
	[26021..26035] : 012;
	[26036..26185] : 000;
	26186 : ECB;
	26187 : C96;
	26188 : C95;
	26189 : BA9;
	26190 : BA8;
	26191 : B85;
	26192 : C95;
	26193 : C96;
	[26194..26195] : B85;
	26196 : A75;
	26197 : B85;
	26198 : A75;
	[26199..26200] : A64;
	26201 : B85;
	26202 : C95;
	[26203..26204] : B96;
	26205 : A97;
	26206 : B96;
	26207 : 8AA;
	26208 : AA8;
	26209 : 8AA;
	[26210..26212] : 997;
	[26213..26214] : 798;
	26215 : 778;
	26216 : 78B;
	26217 : ABE;
	26218 : 568;
	26219 : 558;
	26220 : 99D;
	26221 : 67A;
	26222 : 558;
	26223 : 778;
	26224 : 676;
	[26225..26226] : 576;
	26227 : 798;
	26228 : 676;
	26229 : 576;
	26230 : 897;
	26231 : 798;
	26232 : 897;
	26233 : 798;
	26234 : 897;
	26235 : 687;
	[26236..26237] : 576;
	26238 : 798;
	26239 : 698;
	26240 : 354;
	[26241..26242] : 576;
	26243 : 8AA;
	[26244..26245] : 798;
	26246 : 698;
	26247 : 798;
	26248 : 687;
	26249 : 798;
	26250 : 687;
	26251 : 576;
	[26252..26253] : 354;
	26254 : 576;
	[26255..26256] : 687;
	[26257..26258] : 576;
	26259 : 354;
	[26260..26261] : 8A9;
	[26262..26272] : 576;
	26273 : 8AA;
	26274 : 677;
	26275 : 798;
	26276 : 234;
	[26277..26290] : 012;
	[26291..26441] : 000;
	26442 : DCC;
	26443 : DB9;
	26444 : C96;
	26445 : BA9;
	[26446..26447] : B85;
	26448 : C95;
	26449 : B85;
	26450 : C95;
	26451 : B85;
	26452 : A64;
	26453 : B85;
	26454 : B75;
	26455 : A64;
	26456 : C85;
	26457 : B85;
	26458 : C95;
	[26459..26460] : B96;
	26461 : 8AA;
	26462 : AA8;
	26463 : 8AA;
	26464 : 9A8;
	26465 : A97;
	[26466..26467] : 997;
	26468 : 668;
	26469 : 558;
	26470 : 897;
	26471 : 78B;
	26472 : 89C;
	[26473..26474] : 558;
	26475 : 89C;
	26476 : 67A;
	26477 : ABE;
	26478 : 558;
	26479 : 997;
	26480 : 676;
	26481 : 576;
	26482 : 698;
	26483 : 797;
	26484 : 576;
	26485 : 897;
	26486 : 798;
	26487 : 997;
	26488 : 798;
	26489 : 997;
	26490 : 798;
	26491 : 898;
	26492 : 576;
	26493 : 798;
	26494 : 577;
	26495 : 354;
	26496 : 465;
	26497 : 576;
	[26498..26499] : 8AA;
	[26500..26502] : 798;
	[26503..26504] : 576;
	26505 : 698;
	26506 : 576;
	26507 : 465;
	[26508..26510] : 354;
	26511 : 465;
	26512 : 566;
	[26513..26515] : 576;
	26516 : 455;
	26517 : 354;
	[26518..26519] : 576;
	26520 : 798;
	26521 : 8A9;
	26522 : 8AA;
	26523 : 677;
	[26524..26525] : 576;
	26526 : 577;
	26527 : 576;
	26528 : 798;
	26529 : 8AA;
	26530 : 8A9;
	26531 : 466;
	[26532..26545] : 012;
	[26546..26698] : 000;
	26699 : EDB;
	26700 : CA9;
	26701 : C96;
	[26702..26703] : B85;
	[26704..26705] : C95;
	26706 : B85;
	26707 : A75;
	[26708..26710] : A64;
	26711 : B85;
	[26712..26713] : C95;
	[26714..26715] : B96;
	26716 : AA8;
	[26717..26719] : 8AA;
	26720 : 9A8;
	26721 : B96;
	26722 : 998;
	26723 : 88B;
	26724 : 558;
	26725 : 898;
	26726 : 558;
	26727 : 9AD;
	26728 : 89C;
	26729 : AAE;
	[26730..26731] : 89C;
	26732 : AAE;
	26733 : BBF;
	26734 : 568;
	26735 : 997;
	[26736..26737] : 676;
	26738 : 698;
	26739 : 576;
	26740 : 577;
	[26741..26742] : 798;
	[26743..26745] : 997;
	26746 : 798;
	26747 : 997;
	[26748..26749] : 576;
	26750 : 465;
	[26751..26752] : 576;
	[26753..26754] : 8A9;
	26755 : 8AA;
	[26756..26758] : 798;
	26759 : 687;
	[26760..26761] : 576;
	26762 : 455;
	26763 : 354;
	[26764..26765] : 465;
	[26766..26768] : 354;
	[26769..26770] : 455;
	[26771..26772] : 354;
	26773 : 465;
	[26774..26776] : 576;
	26777 : 8A9;
	26778 : 8AA;
	26779 : 798;
	26780 : 576;
	26781 : 687;
	26782 : 8AA;
	26783 : 576;
	26784 : 688;
	26785 : 8A9;
	26786 : 576;
	[26787..26801] : 012;
	[26802..26955] : 000;
	26956 : ECB;
	26957 : C95;
	[26958..26959] : B85;
	26960 : C95;
	[26961..26962] : B85;
	[26963..26964] : B75;
	26965 : A74;
	[26966..26967] : B85;
	26968 : C95;
	[26969..26970] : B96;
	26971 : AA7;
	[26972..26975] : 8AA;
	26976 : AA8;
	26977 : 997;
	26978 : BBF;
	26979 : 569;
	26980 : 678;
	26981 : 997;
	26982 : 558;
	26983 : 99D;
	26984 : 558;
	26985 : ABF;
	[26986..26988] : BBF;
	26989 : 67A;
	26990 : 897;
	26991 : 787;
	[26992..26995] : 576;
	[26996..26998] : 798;
	[26999..27000] : 997;
	[27001..27002] : 798;
	27003 : 787;
	27004 : 576;
	27005 : 354;
	27006 : 576;
	27007 : 8A9;
	27008 : 8AA;
	27009 : 8A9;
	27010 : 576;
	27011 : 687;
	27012 : 799;
	27013 : 8A9;
	[27014..27015] : 8AA;
	27016 : 576;
	27017 : 455;
	27018 : 354;
	27019 : 576;
	[27020..27021] : 354;
	27022 : 465;
	[27023..27025] : 354;
	27026 : 455;
	[27027..27028] : 566;
	[27029..27030] : 576;
	27031 : 798;
	27032 : 576;
	27033 : 8A9;
	27034 : 8AA;
	27035 : 798;
	27036 : 576;
	27037 : 8A9;
	27038 : 8AA;
	27039 : 687;
	[27040..27041] : 576;
	27042 : 112;
	[27043..27056] : 012;
	[27057..27212] : 000;
	27213 : ECB;
	[27214..27217] : B85;
	27218 : A74;
	27219 : B75;
	27220 : A64;
	[27221..27222] : B85;
	27223 : C95;
	[27224..27225] : B96;
	27226 : C95;
	27227 : AA8;
	[27228..27230] : 8AA;
	27231 : 8A9;
	27232 : B96;
	27233 : 997;
	27234 : BBF;
	27235 : 569;
	27236 : 778;
	27237 : 668;
	[27238..27240] : 558;
	27241 : AAE;
	[27242..27243] : BBF;
	27244 : 77A;
	27245 : AAE;
	27246 : 668;
	[27247..27250] : 576;
	27251 : 997;
	27252 : 798;
	27253 : 897;
	27254 : 798;
	27255 : 698;
	[27256..27257] : 576;
	27258 : 798;
	27259 : 787;
	27260 : 687;
	27261 : 354;
	27262 : 677;
	27263 : 8AA;
	27264 : 687;
	27265 : 8A9;
	27266 : 576;
	27267 : 687;
	27268 : 8AA;
	27269 : 576;
	[27270..27271] : 354;
	27272 : 566;
	27273 : 354;
	27274 : 455;
	[27275..27277] : 354;
	27278 : 576;
	[27279..27281] : 354;
	27282 : 455;
	27283 : 687;
	[27284..27285] : 576;
	27286 : 798;
	[27287..27288] : 687;
	27289 : 8AA;
	27290 : 7A9;
	[27291..27292] : 576;
	[27293..27294] : 8AA;
	27295 : 798;
	27296 : 687;
	27297 : 112;
	[27298..27311] : 012;
	[27312..27468] : 000;
	27469 : EDB;
	27470 : B97;
	[27471..27473] : B85;
	27474 : A74;
	[27475..27476] : A64;
	[27477..27478] : B85;
	27479 : C95;
	27480 : B96;
	27481 : C95;
	27482 : C96;
	27483 : 9A8;
	[27484..27486] : 8AA;
	27487 : AA8;
	27488 : A97;
	27489 : 997;
	27490 : BBF;
	27491 : 89C;
	27492 : 558;
	[27493..27494] : 997;
	27495 : 668;
	27496 : 558;
	27497 : 99D;
	27498 : BBF;
	27499 : AAE;
	27500 : 67A;
	27501 : 669;
	27502 : 787;
	[27503..27505] : 576;
	27506 : 997;
	27507 : 898;
	27508 : 798;
	27509 : 997;
	27510 : 898;
	[27511..27512] : 687;
	27513 : 798;
	27514 : 576;
	[27515..27516] : 687;
	27517 : 354;
	27518 : 8A9;
	27519 : 7A9;
	[27520..27521] : 8AA;
	27522 : 576;
	27523 : 8A9;
	27524 : 465;
	[27525..27529] : 354;
	27530 : 566;
	[27531..27532] : 354;
	27533 : 566;
	27534 : 465;
	[27535..27537] : 354;
	[27538..27539] : 798;
	[27540..27541] : 576;
	27542 : 698;
	[27543..27544] : 577;
	[27545..27547] : 576;
	27548 : 798;
	27549 : 8AA;
	27550 : 687;
	27551 : 798;
	27552 : 577;
	[27553..27567] : 012;
	[27568..27725] : 000;
	27726 : DCB;
	27727 : B97;
	27728 : B85;
	[27729..27730] : A74;
	27731 : A64;
	27732 : B75;
	27733 : B85;
	27734 : C95;
	27735 : C96;
	[27736..27737] : B96;
	27738 : A97;
	27739 : 8AA;
	27740 : A97;
	27741 : 8A9;
	27742 : B96;
	27743 : A97;
	27744 : 997;
	27745 : AAC;
	27746 : BBF;
	27747 : 67A;
	27748 : 558;
	27749 : 778;
	27750 : 997;
	27751 : 788;
	27752 : 668;
	27753 : 569;
	27754 : BBF;
	27755 : 89C;
	27756 : 67A;
	27757 : 897;
	[27758..27760] : 576;
	27761 : 698;
	27762 : 997;
	27763 : 687;
	27764 : 997;
	27765 : 798;
	27766 : 577;
	27767 : 576;
	27768 : 687;
	27769 : 798;
	27770 : 576;
	27771 : 687;
	27772 : 466;
	27773 : 354;
	27774 : 576;
	[27775..27776] : 8AA;
	27777 : 687;
	[27778..27779] : 576;
	[27780..27781] : 354;
	27782 : 465;
	[27783..27785] : 354;
	27786 : 566;
	27787 : 455;
	27788 : 566;
	[27789..27790] : 354;
	27791 : 455;
	27792 : 465;
	27793 : 566;
	[27794..27798] : 576;
	27799 : 687;
	[27800..27803] : 576;
	27804 : 8A9;
	27805 : 8AA;
	27806 : 576;
	27807 : 455;
	[27808..27822] : 012;
	[27823..27981] : 000;
	27982 : FFF;
	27983 : DCB;
	[27984..27985] : B85;
	27986 : A74;
	27987 : A64;
	[27988..27989] : B85;
	27990 : C95;
	[27991..27993] : B96;
	27994 : A97;
	27995 : 9A8;
	[27996..27997] : B96;
	27998 : 997;
	27999 : A97;
	28000 : 997;
	28001 : BBF;
	28002 : 569;
	28003 : 558;
	28004 : 897;
	28005 : 558;
	28006 : A97;
	28007 : 997;
	28008 : 778;
	[28009..28010] : 558;
	28011 : ABF;
	28012 : 778;
	28013 : 997;
	[28014..28015] : 576;
	28016 : 687;
	28017 : 798;
	28018 : 576;
	28019 : 676;
	28020 : 798;
	[28021..28022] : 576;
	28023 : 787;
	28024 : 687;
	28025 : 798;
	28026 : 576;
	28027 : 798;
	28028 : 466;
	28029 : 465;
	[28030..28031] : 8AA;
	[28032..28034] : 576;
	28035 : 687;
	28036 : 354;
	28037 : 465;
	28038 : 455;
	28039 : 566;
	[28040..28042] : 354;
	28043 : 576;
	[28044..28047] : 354;
	28048 : 465;
	[28049..28051] : 576;
	28052 : 465;
	[28053..28058] : 576;
	28059 : 687;
	[28060..28061] : 8AA;
	28062 : 576;
	[28063..28077] : 012;
	[28078..28239] : 000;
	28240 : ECB;
	28241 : B85;
	28242 : A74;
	28243 : B75;
	28244 : B85;
	28245 : C95;
	[28246..28248] : B96;
	28249 : A97;
	28250 : 8AA;
	28251 : 9A8;
	28252 : B96;
	[28253..28254] : 997;
	28255 : 897;
	28256 : 778;
	[28257..28258] : 558;
	28259 : 997;
	28260 : 678;
	28261 : A97;
	[28262..28264] : 997;
	28265 : 558;
	28266 : BBF;
	28267 : 89C;
	28268 : 567;
	[28269..28271] : 576;
	28272 : 687;
	[28273..28274] : 576;
	28275 : 798;
	28276 : 898;
	[28277..28278] : 997;
	28279 : 687;
	28280 : 898;
	28281 : 576;
	[28282..28283] : 687;
	28284 : 354;
	[28285..28289] : 576;
	28290 : 798;
	28291 : 576;
	28292 : 465;
	[28293..28294] : 354;
	28295 : 566;
	[28296..28300] : 354;
	28301 : 687;
	28302 : 354;
	[28303..28304] : 466;
	[28305..28306] : 576;
	28307 : 354;
	28308 : 355;
	28309 : 354;
	[28310..28311] : 576;
	28312 : 566;
	[28313..28314] : 576;
	[28315..28316] : 8AA;
	28317 : 8A9;
	[28318..28332] : 012;
	[28333..28495] : 000;
	28496 : DCB;
	28497 : C97;
	28498 : A74;
	28499 : B85;
	[28500..28501] : C95;
	[28502..28503] : B96;
	28504 : 9A8;
	28505 : 8AA;
	28506 : 9A9;
	28507 : B96;
	[28508..28509] : 997;
	28510 : 998;
	[28511..28513] : BBF;
	[28514..28515] : 558;
	28516 : 668;
	28517 : B96;
	28518 : A97;
	28519 : 997;
	28520 : 678;
	28521 : AAE;
	[28522..28523] : BBF;
	28524 : 788;
	28525 : 686;
	[28526..28527] : 576;
	28528 : 687;
	28529 : 576;
	28530 : 687;
	[28531..28532] : 798;
	28533 : 997;
	28534 : 698;
	28535 : 787;
	28536 : 897;
	28537 : 587;
	[28538..28539] : 465;
	28540 : 576;
	28541 : 577;
	28542 : 698;
	[28543..28544] : 576;
	28545 : 354;
	28546 : 698;
	28547 : 354;
	28548 : 465;
	28549 : 354;
	28550 : 465;
	[28551..28555] : 354;
	28556 : 577;
	28557 : 355;
	28558 : 354;
	28559 : 455;
	28560 : 798;
	28561 : 354;
	28562 : 566;
	28563 : 455;
	28564 : 798;
	28565 : 354;
	28566 : 576;
	28567 : 465;
	[28568..28569] : 354;
	28570 : 576;
	28571 : 8AA;
	28572 : 7A9;
	[28573..28588] : 012;
	[28589..28752] : 000;
	28753 : ECB;
	28754 : C97;
	[28755..28756] : B85;
	28757 : C95;
	28758 : C96;
	28759 : B96;
	28760 : A97;
	28761 : 8AA;
	28762 : AA7;
	[28763..28765] : 997;
	28766 : 9AB;
	28767 : 67A;
	[28768..28769] : BBF;
	28770 : 558;
	28771 : 668;
	[28772..28773] : B96;
	28774 : 997;
	28775 : 678;
	28776 : 89C;
	28777 : BBF;
	28778 : 669;
	28779 : 9AD;
	28780 : 788;
	28781 : 686;
	[28782..28784] : 576;
	28785 : 687;
	[28786..28789] : 798;
	28790 : 698;
	[28791..28792] : 798;
	28793 : 455;
	28794 : 576;
	28795 : 687;
	[28796..28797] : 798;
	28798 : 698;
	28799 : 576;
	28800 : 354;
	[28801..28802] : 576;
	28803 : 354;
	[28804..28805] : 465;
	28806 : 455;
	[28807..28809] : 354;
	28810 : 576;
	28811 : 465;
	28812 : 577;
	28813 : 354;
	28814 : 355;
	28815 : 798;
	28816 : 576;
	28817 : 465;
	28818 : 354;
	28819 : 798;
	28820 : 466;
	28821 : 354;
	28822 : 566;
	[28823..28825] : 354;
	28826 : 687;
	28827 : 677;
	28828 : 112;
	[28829..28843] : 012;
	[28844..29009] : 000;
	29010 : DCB;
	29011 : CA8;
	[29012..29013] : C95;
	[29014..29016] : B96;
	29017 : 9A9;
	29018 : A97;
	[29019..29021] : 997;
	29022 : 568;
	29023 : 569;
	29024 : 89C;
	29025 : 669;
	29026 : 558;
	29027 : 778;
	29028 : B96;
	29029 : 997;
	29030 : 558;
	29031 : ABE;
	29032 : BBF;
	29033 : 558;
	29034 : BBF;
	29035 : 569;
	29036 : 897;
	[29037..29039] : 576;
	29040 : 687;
	[29041..29044] : 798;
	[29045..29047] : 576;
	29048 : 798;
	29049 : 354;
	29050 : 8A9;
	29051 : 687;
	29052 : 798;
	29053 : 576;
	29054 : 698;
	29055 : 465;
	29056 : 354;
	29057 : 687;
	29058 : 465;
	[29059..29062] : 354;
	29063 : 455;
	[29064..29068] : 576;
	29069 : 354;
	29070 : 798;
	29071 : 455;
	29072 : 354;
	[29073..29074] : 455;
	29075 : 798;
	29076 : 354;
	29077 : 576;
	[29078..29080] : 354;
	[29081..29082] : 576;
	[29083..29098] : 012;
	[29099..29266] : 000;
	29267 : ECB;
	29268 : DA7;
	29269 : C95;
	[29270..29272] : B96;
	[29273..29274] : 9A9;
	[29275..29276] : 997;
	29277 : ABE;
	29278 : 897;
	29279 : 569;
	29280 : 78B;
	29281 : 569;
	29282 : 558;
	29283 : 778;
	29284 : 997;
	29285 : 568;
	[29286..29287] : BBF;
	29288 : 78B;
	29289 : 569;
	29290 : 9AD;
	29291 : 997;
	29292 : 676;
	29293 : 698;
	29294 : 576;
	29295 : 686;
	29296 : 997;
	29297 : 698;
	29298 : 798;
	29299 : 898;
	29300 : 798;
	29301 : 897;
	29302 : 997;
	29303 : 576;
	29304 : 465;
	29305 : 566;
	29306 : 8A9;
	[29307..29308] : 687;
	29309 : 576;
	29310 : 698;
	29311 : 465;
	29312 : 355;
	29313 : 798;
	29314 : 698;
	29315 : 465;
	[29316..29317] : 354;
	29318 : 465;
	29319 : 687;
	29320 : 798;
	[29321..29322] : 576;
	[29323..29324] : 465;
	29325 : 687;
	[29326..29327] : 354;
	29328 : 566;
	29329 : 354;
	29330 : 687;
	29331 : 354;
	29332 : 566;
	29333 : 465;
	29334 : 566;
	29335 : 354;
	[29336..29337] : 576;
	[29338..29353] : 012;
	[29354..29523] : 000;
	29524 : DCB;
	29525 : CA8;
	[29526..29528] : B96;
	29529 : 8AA;
	29530 : 9A8;
	29531 : 997;
	29532 : AAC;
	29533 : BBF;
	29534 : 558;
	29535 : 89C;
	29536 : 67A;
	29537 : BBF;
	29538 : ABE;
	29539 : 558;
	29540 : 997;
	29541 : 558;
	29542 : 669;
	29543 : BBF;
	29544 : 668;
	29545 : ABE;
	29546 : 778;
	29547 : 897;
	29548 : 576;
	29549 : 798;
	29550 : 686;
	29551 : 798;
	29552 : 676;
	29553 : 576;
	29554 : 798;
	29555 : 997;
	29556 : 798;
	29557 : 687;
	29558 : 787;
	29559 : 887;
	29560 : 465;
	29561 : 8A9;
	29562 : 8AA;
	29563 : 687;
	29564 : 577;
	[29565..29566] : 698;
	29567 : 465;
	[29568..29569] : 577;
	29570 : 687;
	[29571..29572] : 576;
	29573 : 566;
	[29574..29575] : 576;
	[29576..29577] : 798;
	29578 : 354;
	29579 : 576;
	[29580..29581] : 465;
	29582 : 576;
	29583 : 465;
	29584 : 466;
	29585 : 798;
	29586 : 354;
	29587 : 576;
	[29588..29589] : 354;
	29590 : 465;
	29591 : 566;
	29592 : 355;
	[29593..29608] : 012;
	[29609..29780] : 000;
	29781 : ECB;
	29782 : CA8;
	[29783..29784] : B96;
	29785 : AA8;
	29786 : B96;
	29787 : 997;
	29788 : BBF;
	29789 : BAA;
	29790 : 669;
	[29791..29792] : 67A;
	[29793..29794] : BBF;
	29795 : 558;
	29796 : 888;
	29797 : 997;
	29798 : 569;
	29799 : BBF;
	29800 : 78A;
	29801 : 788;
	29802 : 997;
	29803 : 787;
	29804 : 576;
	[29805..29806] : 897;
	[29807..29809] : 576;
	29810 : 798;
	[29811..29812] : 997;
	29813 : 798;
	29814 : 576;
	29815 : 787;
	29816 : 354;
	[29817..29819] : 687;
	29820 : 577;
	[29821..29823] : 576;
	29824 : 465;
	29825 : 354;
	[29826..29827] : 465;
	29828 : 455;
	29829 : 576;
	29830 : 798;
	29831 : 577;
	29832 : 798;
	29833 : 455;
	29834 : 465;
	[29835..29837] : 576;
	29838 : 455;
	29839 : 687;
	29840 : 798;
	29841 : 354;
	[29842..29843] : 576;
	29844 : 465;
	29845 : 566;
	29846 : 465;
	29847 : 455;
	[29848..29863] : 012;
	[29864..30037] : 000;
	30038 : DCB;
	30039 : DCA;
	[30040..30042] : B96;
	30043 : 9AA;
	30044 : BBF;
	30045 : B96;
	30046 : 558;
	30047 : 77A;
	[30048..30049] : BBF;
	30050 : AAE;
	30051 : 558;
	30052 : 788;
	30053 : 997;
	30054 : 569;
	30055 : BBF;
	30056 : ABE;
	30057 : 897;
	[30058..30059] : 997;
	[30060..30065] : 576;
	30066 : 897;
	[30067..30068] : 798;
	[30069..30070] : 576;
	30071 : 687;
	30072 : 465;
	[30073..30075] : 576;
	30076 : 465;
	30077 : 576;
	30078 : 566;
	[30079..30080] : 354;
	30081 : 465;
	30082 : 566;
	30083 : 354;
	30084 : 465;
	30085 : 576;
	30086 : 798;
	30087 : 687;
	30088 : 576;
	30089 : 465;
	30090 : 566;
	30091 : 354;
	30092 : 576;
	30093 : 354;
	30094 : 8A9;
	30095 : 798;
	[30096..30097] : 354;
	[30098..30100] : 576;
	30101 : 354;
	30102 : 123;
	[30103..30118] : 012;
	[30119..30295] : 000;
	30296 : ECB;
	30297 : B96;
	30298 : B97;
	30299 : ABF;
	30300 : 89C;
	30301 : 558;
	30302 : 568;
	30303 : ABF;
	30304 : 558;
	[30305..30306] : AAE;
	30307 : 558;
	30308 : 788;
	30309 : 558;
	30310 : 67A;
	[30311..30312] : BBF;
	30313 : 569;
	30314 : 576;
	30315 : 898;
	[30316..30319] : 576;
	30320 : 787;
	30321 : 576;
	30322 : 798;
	30323 : 698;
	30324 : 576;
	30325 : 997;
	30326 : 576;
	30327 : 798;
	30328 : 698;
	30329 : 566;
	30330 : 576;
	[30331..30332] : 354;
	30333 : 566;
	30334 : 798;
	30335 : 698;
	[30336..30337] : 354;
	30338 : 576;
	30339 : 566;
	[30340..30341] : 576;
	30342 : 798;
	30343 : 576;
	30344 : 465;
	30345 : 354;
	[30346..30347] : 798;
	30348 : 355;
	30349 : 8A9;
	30350 : 8AA;
	[30351..30352] : 354;
	[30353..30354] : 566;
	30355 : 354;
	30356 : 687;
	30357 : 123;
	[30358..30372] : 012;
	[30373..30552] : 000;
	30553 : EDB;
	30554 : BBE;
	30555 : 89C;
	[30556..30557] : 558;
	30558 : 569;
	30559 : 669;
	30560 : 558;
	30561 : AAE;
	30562 : 558;
	30563 : 887;
	30564 : 78A;
	30565 : 669;
	[30566..30567] : BBF;
	30568 : 78B;
	30569 : 897;
	30570 : 576;
	30571 : 898;
	[30572..30575] : 576;
	30576 : 798;
	30577 : 576;
	30578 : 798;
	30579 : 687;
	30580 : 576;
	30581 : 997;
	30582 : 576;
	30583 : 687;
	30584 : 465;
	30585 : 566;
	30586 : 576;
	30587 : 577;
	30588 : 465;
	30589 : 698;
	30590 : 798;
	30591 : 354;
	30592 : 455;
	30593 : 576;
	30594 : 354;
	30595 : 465;
	30596 : 566;
	30597 : 698;
	30598 : 687;
	30599 : 566;
	30600 : 455;
	30601 : 698;
	[30602..30605] : 8AA;
	30606 : 8A9;
	30607 : 354;
	30608 : 455;
	30609 : 576;
	30610 : 354;
	30611 : 687;
	[30612..30627] : 012;
	[30628..30809] : 000;
	30810 : DCB;
	30811 : BBC;
	30812 : 558;
	30813 : 678;
	30814 : 558;
	30815 : 9AD;
	30816 : BBF;
	30817 : 558;
	[30818..30819] : 668;
	30820 : AAE;
	30821 : 558;
	30822 : 669;
	30823 : BBF;
	30824 : 678;
	30825 : 686;
	30826 : 787;
	30827 : 898;
	[30828..30830] : 576;
	30831 : 887;
	[30832..30833] : 576;
	30834 : 897;
	[30835..30839] : 576;
	30840 : 354;
	30841 : 576;
	30842 : 354;
	30843 : 798;
	30844 : 687;
	30845 : 576;
	[30846..30847] : 465;
	[30848..30849] : 576;
	30850 : 798;
	30851 : 577;
	30852 : 576;
	30853 : 687;
	30854 : 455;
	30855 : 465;
	[30856..30857] : 687;
	[30858..30861] : 8AA;
	30862 : 8A9;
	30863 : 354;
	30864 : 465;
	30865 : 566;
	30866 : 123;
	[30867..30882] : 012;
	[30883..31066] : 000;
	31067 : CCC;
	31068 : CBB;
	31069 : 558;
	31070 : 669;
	[31071..31072] : BBF;
	31073 : 558;
	31074 : 997;
	31075 : 78B;
	31076 : 569;
	31077 : 9AD;
	31078 : 669;
	31079 : 569;
	31080 : 897;
	31081 : 576;
	31082 : 997;
	31083 : 787;
	[31084..31086] : 576;
	31087 : 787;
	31088 : 576;
	31089 : 887;
	31090 : 576;
	31091 : 897;
	31092 : 798;
	31093 : 576;
	[31094..31095] : 698;
	[31096..31097] : 354;
	31098 : 455;
	31099 : 587;
	31100 : 354;
	31101 : 566;
	31102 : 576;
	31103 : 465;
	[31104..31106] : 354;
	31107 : 455;
	31108 : 566;
	31109 : 354;
	31110 : 687;
	31111 : 798;
	[31112..31115] : 576;
	31116 : 798;
	31117 : 8AA;
	31118 : 8A9;
	31119 : 354;
	31120 : 233;
	[31121..31136] : 012;
	31137 : 004;
	[31138..31324] : 000;
	31325 : ECB;
	[31326..31327] : BBF;
	31328 : 78B;
	31329 : 558;
	31330 : 897;
	31331 : 78B;
	31332 : 558;
	31333 : AAE;
	31334 : 669;
	31335 : 678;
	31336 : 997;
	31337 : 576;
	31338 : 997;
	31339 : 787;
	31340 : 687;
	[31341..31344] : 576;
	31345 : 687;
	31346 : 576;
	31347 : 897;
	31348 : 798;
	31349 : 576;
	[31350..31351] : 798;
	31352 : 698;
	31353 : 566;
	31354 : 698;
	[31355..31356] : 465;
	31357 : 354;
	[31358..31359] : 455;
	31360 : 465;
	[31361..31363] : 576;
	31364 : 455;
	31365 : 688;
	[31366..31367] : 576;
	31368 : 798;
	31369 : 8AA;
	31370 : 8A9;
	31371 : 465;
	31372 : 576;
	31373 : 8A9;
	31374 : 344;
	[31375..31391] : 012;
	[31392..31582] : 000;
	31583 : ECB;
	31584 : 77A;
	31585 : 678;
	31586 : 897;
	[31587..31588] : 78B;
	31589 : ABF;
	[31590..31591] : 558;
	31592 : 997;
	31593 : 576;
	31594 : 687;
	31595 : 576;
	31596 : 798;
	[31597..31598] : 576;
	31599 : 787;
	[31600..31602] : 576;
	31603 : 798;
	31604 : 576;
	31605 : 897;
	31606 : 576;
	31607 : 687;
	[31608..31609] : 354;
	31610 : 465;
	31611 : 566;
	31612 : 465;
	31613 : 698;
	[31614..31615] : 798;
	31616 : 465;
	31617 : 566;
	31618 : 576;
	31619 : 465;
	31620 : 687;
	[31621..31622] : 576;
	31623 : 8AA;
	31624 : 7A9;
	31625 : 687;
	31626 : 8AA;
	31627 : 455;
	31628 : 576;
	[31629..31645] : 012;
	[31646..31839] : 000;
	31840 : DCB;
	31841 : BB9;
	31842 : 997;
	31843 : 789;
	31844 : 9AD;
	31845 : 77A;
	[31846..31847] : 558;
	31848 : 888;
	[31849..31850] : 576;
	31851 : 687;
	31852 : 798;
	31853 : 787;
	31854 : 997;
	[31855..31859] : 576;
	31860 : 787;
	31861 : 997;
	31862 : 576;
	[31863..31865] : 465;
	31866 : 455;
	31867 : 577;
	31868 : 798;
	[31869..31870] : 576;
	31871 : 687;
	[31872..31873] : 354;
	31874 : 566;
	31875 : 687;
	31876 : 798;
	[31877..31878] : 576;
	31879 : 687;
	31880 : 798;
	31881 : 8AA;
	31882 : 798;
	31883 : 234;
	[31884..31900] : 012;
	[31901..32097] : 000;
	32098 : DCB;
	32099 : CBA;
	32100 : 99D;
	32101 : AAE;
	32102 : ABF;
	32103 : 558;
	32104 : 788;
	[32105..32106] : 576;
	32107 : 997;
	32108 : 798;
	32109 : 897;
	32110 : 997;
	[32111..32112] : 576;
	32113 : 897;
	32114 : 698;
	32115 : 576;
	32116 : 787;
	32117 : 997;
	32118 : 566;
	32119 : 354;
	32120 : 687;
	32121 : 576;
	32122 : 566;
	32123 : 587;
	32124 : 465;
	32125 : 576;
	32126 : 354;
	32127 : 587;
	32128 : 465;
	32129 : 576;
	32130 : 455;
	[32131..32132] : 798;
	32133 : 465;
	32134 : 455;
	32135 : 465;
	32136 : 798;
	32137 : 123;
	[32138..32154] : 012;
	[32155..32356] : 000;
	32357 : EDB;
	32358 : BBF;
	[32359..32360] : 558;
	32361 : 676;
	32362 : 897;
	[32363..32364] : 798;
	32365 : 897;
	32366 : 698;
	32367 : 676;
	32368 : 576;
	32369 : 997;
	[32370..32371] : 576;
	32372 : 997;
	32373 : 576;
	32374 : 354;
	32375 : 576;
	32376 : 798;
	32377 : 576;
	32378 : 566;
	32379 : 354;
	32380 : 576;
	32381 : 698;
	32382 : 354;
	32383 : 465;
	32384 : 354;
	32385 : 576;
	[32386..32387] : 354;
	32388 : 465;
	32389 : 576;
	32390 : 455;
	[32391..32407] : 012;
	[32408..32613] : 000;
	32614 : DCC;
	32615 : 99A;
	32616 : 779;
	32617 : 997;
	[32618..32620] : 798;
	32621 : 997;
	32622 : 576;
	32623 : 787;
	32624 : 997;
	[32625..32626] : 576;
	32627 : 787;
	32628 : 676;
	32629 : 576;
	32630 : 465;
	32631 : 577;
	32632 : 798;
	32633 : 576;
	32634 : 566;
	32635 : 576;
	32636 : 687;
	32637 : 576;
	32638 : 354;
	32639 : 465;
	32640 : 354;
	32641 : 566;
	32642 : 465;
	32643 : 344;
	32644 : 123;
	[32645..32661] : 012;
	[32662..32872] : 000;
	32873 : DCB;
	32874 : BB9;
	[32875..32876] : 798;
	32877 : 897;
	32878 : 698;
	32879 : 576;
	32880 : 787;
	32881 : 576;
	32882 : 687;
	32883 : 997;
	32884 : 576;
	32885 : 465;
	32886 : 576;
	32887 : 577;
	32888 : 798;
	32889 : 698;
	[32890..32891] : 576;
	32892 : 798;
	32893 : 698;
	32894 : 566;
	32895 : 354;
	32896 : 123;
	[32897..32915] : 012;
	[32916..33130] : 000;
	33131 : CCC;
	33132 : 8A9;
	33133 : CCB;
	33134 : 897;
	33135 : 576;
	33136 : 687;
	[33137..33138] : 798;
	33139 : 997;
	33140 : 576;
	33141 : 566;
	33142 : 455;
	33143 : 577;
	[33144..33145] : 798;
	33146 : 576;
	33147 : 577;
	[33148..33149] : 123;
	[33150..33167] : 012;
	33168 : 002;
	33169 : 004;
	[33170..33391] : 000;
	33392 : EDB;
	[33393..33395] : 798;
	33396 : 887;
	33397 : 112;
	[33398..33420] : 012;
	[33421..33652] : 000;
	33653 : EDB;
	[33654..33656] : 012;
	33657 : 334;
	[33658..33671] : 012;
	[33672..36863] : 000;
END;